Agartala,Ahmedabad,3305
Agartala,Bangalore,3824
Agartala,Bhubaneshwar,2286
Agartala,Bombay,3593
Agartala,Calcutta,1863
Agartala,Chandigarh,2998
Agartala,Cochin,4304
Agartala,Delhi,2708
Agartala,Hyderabad,3330
Agartala,Indore,2891
Agartala,Jaipur,2801
Agartala,Kanpur,2281
Agartala,Lucknow,2252
Agartala,Madras,3493
Agartala,Nagpur,2696
Agartala,Nasik,3365
Agartala,Panjim,3507
Agartala,Patna,1681
Agartala,Pondicherry,3661
Agartala,Pune,3442
Agra,Ahmedabad,878
Agra,Bangalore,1848
Agra,Bhubaneshwar,1578
Agra,Bombay,1202
Agra,Calcutta,1300
Agra,Chandigarh,448
Agra,Cochin,2278
Agra,Delhi,200
Agra,Hyderabad,1246
Agra,Indore,591
Agra,Jaipur,230
Agra,Kanpur,290
Agra,Lucknow,369
Agra,Madras,2048
Agra,Nagpur,770
Agra,Nasik,1005
Agra,Panjim,1715
Agra,Patna,885
Agra,Pondicherry,2210
Agra,Pune,1214
Ahmedabad,Ahmedabad,0
Ahmedabad,Bangalore,1490
Ahmedabad,Bhubaneshwar,1697
Ahmedabad,Bombay,552
Ahmedabad,Calcutta,2068
Ahmedabad,Chandigarh,1157
Ahmedabad,Cochin,1845
Ahmedabad,Delhi,911
Ahmedabad,Hyderabad,1436
Ahmedabad,Indore,442
Ahmedabad,Jaipur,648
Ahmedabad,Kanpur,1168
Ahmedabad,Lucknow,1247
Ahmedabad,Madras,1821
Ahmedabad,Nagpur,965
Ahmedabad,Nasik,504
Ahmedabad,Panjim,1165
Ahmedabad,Patna,1656
Ahmedabad,Pondicherry,1818
Ahmedabad,Pune,664
Allahabad,Ahmedabad,1251
Allahabad,Bangalore,1686
Allahabad,Bhubaneshwar,1090
Allahabad,Bombay,1457
Allahabad,Calcutta,817
Allahabad,Chandigarh,912
Allahabad,Cochin,2216
Allahabad,Delhi,650
Allahabad,Hyderabad,1084
Allahabad,Indore,803
Allahabad,Jaipur,713
Allahabad,Kanpur,193
Allahabad,Lucknow,234
Allahabad,Madras,2011
Allahabad,Nagpur,608
Allahabad,Nasik,1155
Allahabad,Panjim,1419
Allahabad,Patna,402
Allahabad,Pondicherry,1077
Allahabad,Pune,1364
Amritsar,Ahmedabad,1356
Amritsar,Bangalore,2496
Amritsar,Bhubaneshwar,2224
Amritsar,Bombay,1849
Amritsar,Calcutta,1919
Amritsar,Chandigarh,239
Amritsar,Cochin,3163
Amritsar,Delhi,445
Amritsar,Hyderabad,1892
Amritsar,Indore,1258
Amritsar,Jaipur,706
Amritsar,Kanpur,926
Amritsar,Lucknow,939
Amritsar,Madras,2688
Amritsar,Nagpur,1416
Amritsar,Nasik,1665
Amritsar,Panjim,2237
Amritsar,Patna,1531
Amritsar,Pondicherry,2856
Amritsar,Pune,1862
Asansol,Ahmedabad,1842
Asansol,Bangalore,2187
Asansol,Bhubaneshwar,523
Asansol,Bombay,2040
Asansol,Calcutta,226
Asansol,Chandigarh,1503
Asansol,Cochin,2544
Asansol,Delhi,1262
Asansol,Hyderabad,1693
Asansol,Indore,1394
Asansol,Jaipur,1304
Asansol,Kanpur,789
Asansol,Lucknow,825
Asansol,Madras,1857
Asansol,Nagpur,1122
Asansol,Nasik,1746
Asansol,Panjim,2300
Asansol,Patna,395
Asansol,Pondicherry,2024
Asansol,Pune,1955
Bangalore,Ahmedabad,1490
Bangalore,Bangalore,0
Bangalore,Bhubaneshwar,1538
Bangalore,Bombay,1013
Bangalore,Calcutta,1961
Bangalore,Chandigarh,2296
Bangalore,Cochin,512
Bangalore,Delhi,2049
Bangalore,Hyderabad,563
Bangalore,Indore,1601
Bangalore,Jaipur,2005
Bangalore,Kanpur,1855
Bangalore,Lucknow,1934
Bangalore,Madras,331
Bangalore,Nagpur,1078
Bangalore,Nasik,1035
Bangalore,Panjim,440
Bangalore,Patna,2071
Bangalore,Pondicherry,328
Bangalore,Pune,826
Baroda,Ahmedabad,119
Baroda,Bangalore,1408
Baroda,Bhubaneshwar,1604
Baroda,Bombay,433
Baroda,Calcutta,1937
Baroda,Chandigarh,1181
Baroda,Cochin,1763
Baroda,Delhi,1151
Baroda,Hyderabad,1127
Baroda,Indore,379
Baroda,Jaipur,789
Baroda,Kanpur,1230
Baroda,Lucknow,1311
Baroda,Madras,1739
Baroda,Nagpur,774
Baroda,Nasik,457
Baroda,Panjim,1158
Baroda,Patna,1582
Baroda,Pondicherry,1735
Baroda,Pune,545
Bhopal,Ahmedabad,523
Bhopal,Bangalore,1148
Bhopal,Bhubaneshwar,1162
Bhopal,Bombay,778
Bhopal,Calcutta,1495
Bhopal,Chandigarh,988
Bhopal,Cochin,1995
Bhopal,Delhi,742
Bhopal,Hyderabad,808
Bhopal,Indore,191
Bhopal,Jaipur,596
Bhopal,Kanpur,585
Bhopal,Lucknow,664
Bhopal,Madras,1604
Bhopal,Nagpur,352
Bhopal,Nasik,605
Bhopal,Panjim,1143
Bhopal,Patna,1016
Bhopal,Pondicherry,1772
Bhopal,Pune,814
Bhubaneshwar,Ahmedabad,1647
Bhubaneshwar,Bangalore,1538
Bhubaneshwar,Bhubaneshwar,0
Bhubaneshwar,Bombay,1679
Bhubaneshwar,Calcutta,423
Bhubaneshwar,Chandigarh,2026
Bhubaneshwar,Cochin,1895
Bhubaneshwar,Delhi,1713
Bhubaneshwar,Hyderabad,1044
Bhubaneshwar,Indore,1355
Bhubaneshwar,Jaipur,1758
Bhubaneshwar,Kanpur,1283
Bhubaneshwar,Lucknow,1254
Bhubaneshwar,Madras,1207
Bhubaneshwar,Nagpur,830
Bhubaneshwar,Nasik,1516
Bhubaneshwar,Panjim,1455
Bhubaneshwar,Patna,862
Bhubaneshwar,Pondicherry,1375
Bhubaneshwar,Pune,1587
Bombay,Ahmedabad,552
Bombay,Bangalore,1013
Bombay,Bhubaneshwar,1678
Bombay,Bombay,0
Bombay,Calcutta,2012
Bombay,Chandigarh,1645
Bombay,Cochin,1368
Bombay,Delhi,1404
Bombay,Hyderabad,729
Bombay,Indore,589
Bombay,Jaipur,1148
Bombay,Kanpur,1278
Bombay,Lucknow,1366
Bombay,Madras,1344
Bombay,Nagpur,849
Bombay,Nasik,197
Bombay,Panjim,584
Bombay,Patna,1856
Bombay,Pondicherry,1452
Bombay,Pune,184
Calcutta,Ahmedabad,2068
Calcutta,Bangalore,1461
Calcutta,Bhubaneshwar,423
Calcutta,Bombay,2012
Calcutta,Calcutta,0
Calcutta,Chandigarh,1721
Calcutta,Cochin,2318
Calcutta,Delhi,1474
Calcutta,Hyderabad,1467
Calcutta,Indore,1620
Calcutta,Jaipur,1530
Calcutta,Kanpur,1010
Calcutta,Lucknow,1089
Calcutta,Madras,1160
Calcutta,Nagpur,1163
Calcutta,Nasik,1849
Calcutta,Panjim,974
Calcutta,Patna,621
Calcutta,Pondicherry,1798
Calcutta,Pune,2058
Calicut,Ahmedabad,1648
Calicut,Bangalore,520
Calicut,Bhubaneshwar,1923
Calicut,Bombay,1171
Calicut,Calcutta,2346
Calicut,Chandigarh,2741
Calicut,Cochin,222
Calicut,Delhi,2494
Calicut,Hyderabad,910
Calicut,Indore,1998
Calicut,Jaipur,2523
Calicut,Kanpur,2260
Calicut,Lucknow,2339
Calicut,Madras,715
Calicut,Nagpur,1483
Calicut,Nasik,1193
Calicut,Panjim,576
Calicut,Patna,2476
Calicut,Pondicherry,566
Calicut,Pune,984
Chandigarh,Ahmedabad,1157
Chandigarh,Bangalore,2296
Chandigarh,Bhubaneshwar,2026
Chandigarh,Bombay,1645
Chandigarh,Calcutta,1721
Chandigarh,Chandigarh,0
Chandigarh,Cochin,1965
Chandigarh,Delhi,248
Chandigarh,Hyderabad,1693
Chandigarh,Indore,1052
Chandigarh,Jaipur,507
Chandigarh,Kanpur,661
Chandigarh,Lucknow,740
Chandigarh,Madras,2489
Chandigarh,Nagpur,1217
Chandigarh,Nasik,1466
Chandigarh,Panjim,2028
Chandigarh,Patna,1332
Chandigarh,Pondicherry,2657
Chandigarh,Pune,1663
Cochin,Ahmedabad,1845
Cochin,Bangalore,512
Cochin,Bhubaneshwar,1895
Cochin,Bombay,1368
Cochin,Calcutta,2318
Cochin,Chandigarh,1965
Cochin,Cochin,0
Cochin,Delhi,2718
Cochin,Hyderabad,1090
Cochin,Indore,1804
Cochin,Jaipur,2745
Cochin,Kanpur,2385
Cochin,Lucknow,2572
Cochin,Madras,687
Cochin,Nagpur,1608
Cochin,Nasik,1390
Cochin,Panjim,798
Cochin,Patna,2601
Cochin,Pondicherry,530
Cochin,Pune,1181
Coimbatore,Ahmedabad,1669
Coimbatore,Bangalore,333
Coimbatore,Bhubaneshwar,1633
Coimbatore,Bombay,1192
Coimbatore,Calcutta,2057
Coimbatore,Chandigarh,2669
Coimbatore,Cochin,195
Coimbatore,Delhi,2412
Coimbatore,Hyderabad,912
Coimbatore,Indore,1964
Coimbatore,Jaipur,2369
Coimbatore,Kanpur,2218
Coimbatore,Lucknow,2297
Coimbatore,Madras,426
Coimbatore,Nagpur,1441
Coimbatore,Nasik,1214
Coimbatore,Panjim,800
Coimbatore,Patna,2434
Coimbatore,Pondicherry,410
Coimbatore,Pune,1005
Delhi,Ahmedabad,911
Delhi,Bangalore,2049
Delhi,Bhubaneshwar,1713
Delhi,Bombay,1404
Delhi,Calcutta,1474
Delhi,Chandigarh,248
Delhi,Cochin,2718
Delhi,Delhi,0
Delhi,Hyderabad,1477
Delhi,Indore,806
Delhi,Jaipur,263
Delhi,Kanpur,481
Delhi,Lucknow,499
Delhi,Madras,2243
Delhi,Nagpur,971
Delhi,Nasik,1220
Delhi,Panjim,1782
Delhi,Patna,1086
Delhi,Pondicherry,2411
Delhi,Pune,1417
Gwalior,Ahmedabad,919
Gwalior,Bangalore,1734
Gwalior,Bhubaneshwar,1486
Gwalior,Bombay,1085
Gwalior,Calcutta,1224
Gwalior,Chandigarh,462
Gwalior,Cochin,1881
Gwalior,Delhi,315
Gwalior,Hyderabad,1132
Gwalior,Indore,497
Gwalior,Jaipur,351
Gwalior,Kanpur,280
Gwalior,Lucknow,359
Gwalior,Madras,1928
Gwalior,Nagpur,656
Gwalior,Nasik,891
Gwalior,Panjim,1467
Gwalior,Patna,809
Gwalior,Pondicherry,2096
Gwalior,Pune,1100
Hubli,Ahmedabad,1101
Hubli,Bangalore,391
Hubli,Bhubaneshwar,1620
Hubli,Bombay,614
Hubli,Calcutta,2032
Hubli,Chandigarh,2101
Hubli,Cochin,774
Hubli,Delhi,1854
Hubli,Hyderabad,486
Hubli,Indore,1060
Hubli,Jaipur,1060
Hubli,Kanpur,1772
Hubli,Lucknow,1851
Hubli,Madras,683
Hubli,Nagpur,995
Hubli,Nasik,646
Hubli,Panjim,190
Hubli,Patna,1998
Hubli,Pondicherry,653
Hubli,Pune,437
Hyderabad,Ahmedabad,1436
Hyderabad,Bangalore,563
Hyderabad,Bhubaneshwar,1044
Hyderabad,Bombay,729
Hyderabad,Calcutta,1467
Hyderabad,Chandigarh,1693
Hyderabad,Cochin,1090
Hyderabad,Delhi,1447
Hyderabad,Hyderabad,0
Hyderabad,Indore,999
Hyderabad,Jaipur,1404
Hyderabad,Kanpur,1253
Hyderabad,Lucknow,1332
Hyderabad,Madras,699
Hyderabad,Nagpur,476
Hyderabad,Nasik,754
Hyderabad,Panjim,765
Hyderabad,Patna,1469
Hyderabad,Pondicherry,865
Hyderabad,Pune,545
Imphal,Ahmedabad,3240
Imphal,Bangalore,3677
Imphal,Bhubaneshwar,2139
Imphal,Bombay,3446
Imphal,Calcutta,1717
Imphal,Chandigarh,2851
Imphal,Cochin,4156
Imphal,Delhi,2561
Imphal,Hyderabad,3283
Imphal,Indore,2744
Imphal,Jaipur,2654
Imphal,Kanpur,2134
Imphal,Lucknow,2105
Imphal,Madras,3326
Imphal,Nagpur,2549
Imphal,Nasik,3218
Imphal,Panjim,3360
Imphal,Patna,1534
Imphal,Pondicherry,3614
Imphal,Pune,3295
Indore,Ahmedabad,442
Indore,Bangalore,1601
Indore,Bhubaneshwar,1355
Indore,Bombay,589
Indore,Calcutta,1620
Indore,Chandigarh,1052
Indore,Cochin,1804
Indore,Delhi,806
Indore,Hyderabad,999
Indore,Indore,0
Indore,Jaipur,405
Indore,Kanpur,689
Indore,Lucknow,768
Indore,Madras,1795
Indore,Nagpur,445
Indore,Nasik,414
Indore,Panjim,1115
Indore,Patna,1205
Indore,Pondicherry,1963
Indore,Pune,623
Jabalpur,Ahmedabad,901
Jabalpur,Bangalore,1335
Jabalpur,Bhubaneshwar,1087
Jabalpur,Bombay,1143
Jabalpur,Calcutta,1167
Jabalpur,Chandigarh,1046
Jabalpur,Cochin,1885
Jabalpur,Delhi,800
Jabalpur,Hyderabad,733
Jabalpur,Indore,859
Jabalpur,Jaipur,845
Jabalpur,Kanpur,543
Jabalpur,Lucknow,584
Jabalpur,Madras,1529
Jabalpur,Nagpur,257
Jabalpur,Nasik,943
Jabalpur,Panjim,1088
Jabalpur,Patna,736
Jabalpur,Pondicherry,1697
Jabalpur,Pune,1003
Jaipur,Ahmedabad,648
Jaipur,Bangalore,2005
Jaipur,Bhubaneshwar,1758
Jaipur,Bombay,1148
Jaipur,Calcutta,1530
Jaipur,Chandigarh,507
Jaipur,Cochin,2745
Jaipur,Delhi,263
Jaipur,Hyderabad,1404
Jaipur,Indore,405
Jaipur,Jaipur,0
Jaipur,Kanpur,517
Jaipur,Lucknow,598
Jaipur,Madras,2200
Jaipur,Nagpur,928
Jaipur,Nasik,1248
Jaipur,Panjim,2496
Jaipur,Patna,1115
Jaipur,Pondicherry,2368
Jaipur,Pune,1371
Jamshedpur,Ahmedabad,1225
Jamshedpur,Bangalore,1690
Jamshedpur,Bhubaneshwar,422
Jamshedpur,Bombay,1916
Jamshedpur,Calcutta,268
Jamshedpur,Chandigarh,1602
Jamshedpur,Cochin,2710
Jamshedpur,Delhi,1356
Jamshedpur,Hyderabad,1578
Jamshedpur,Indore,1477
Jamshedpur,Jaipur,1387
Jamshedpur,Kanpur,867
Jamshedpur,Lucknow,1121
Jamshedpur,Madras,1629
Jamshedpur,Nagpur,1102
Jamshedpur,Nasik,1788
Jamshedpur,Panjim,2229
Jamshedpur,Patna,473
Jamshedpur,Pondicherry,1797
Jamshedpur,Pune,1997
Jullundur,Ahmedabad,1285
Jullundur,Bangalore,2416
Jullundur,Bhubaneshwar,2413
Jullundur,Bombay,1778
Jullundur,Calcutta,1869
Jullundur,Chandigarh,154
Jullundur,Cochin,3082
Jullundur,Delhi,375
Jullundur,Hyderabad,1821
Jullundur,Indore,1171
Jullundur,Jaipur,891
Jullundur,Kanpur,855
Jullundur,Lucknow,868
Jullundur,Madras,2617
Jullundur,Nagpur,1354
Jullundur,Nasik,1591
Jullundur,Panjim,2146
Jullundur,Patna,1460
Jullundur,Pondicherry,2785
Jullundur,Pune,1791
Kanpur,Ahmedabad,1168
Kanpur,Bangalore,1855
Kanpur,Bhubaneshwar,1283
Kanpur,Bombay,1278
Kanpur,Calcutta,1010
Kanpur,Chandigarh,661
Kanpur,Cochin,2385
Kanpur,Delhi,481
Kanpur,Hyderabad,1253
Kanpur,Indore,689
Kanpur,Jaipur,517
Kanpur,Kanpur,0
Kanpur,Lucknow,79
Kanpur,Madras,2049
Kanpur,Nagpur,777
Kanpur,Nasik,1103
Kanpur,Panjim,1813
Kanpur,Patna,596
Kanpur,Pondicherry,2217
Kanpur,Pune,1312
Kolhapur,Ahmedabad,911
Kolhapur,Bangalore,484
Kolhapur,Bhubaneshwar,1622
Kolhapur,Bombay,426
Kolhapur,Calcutta,2045
Kolhapur,Chandigarh,1910
Kolhapur,Cochin,934
Kolhapur,Delhi,1664
Kolhapur,Hyderabad,578
Kolhapur,Indore,870
Kolhapur,Jaipur,1518
Kolhapur,Kanpur,1779
Kolhapur,Lucknow,1858
Kolhapur,Madras,910
Kolhapur,Nagpur,1050
Kolhapur,Nasik,456
Kolhapur,Panjim,254
Kolhapur,Patna,2047
Kolhapur,Pondicherry,907
Kolhapur,Pune,247
Lucknow,Ahmedabad,1247
Lucknow,Bangalore,1934
Lucknow,Bhubaneshwar,1254
Lucknow,Bombay,1366
Lucknow,Calcutta,1089
Lucknow,Chandigarh,740
Lucknow,Cochin,2572
Lucknow,Delhi,499
Lucknow,Hyderabad,1332
Lucknow,Indore,768
Lucknow,Jaipur,598
Lucknow,Kanpur,79
Lucknow,Lucknow,0
Lucknow,Madras,2128
Lucknow,Nagpur,856
Lucknow,Nasik,1182
Lucknow,Panjim,1883
Lucknow,Patna,566
Lucknow,Pondicherry,2296
Lucknow,Pune,1391
Ludhiana,Ahmedabad,1220
Ludhiana,Bangalore,2358
Ludhiana,Bhubaneshwar,2088
Ludhiana,Bombay,1770
Ludhiana,Calcutta,1783
Ludhiana,Chandigarh,105
Ludhiana,Cochin,3027
Ludhiana,Delhi,310
Ludhiana,Hyderabad,1756
Ludhiana,Indore,1115
Ludhiana,Jaipur,570
Ludhiana,Kanpur,790
Ludhiana,Lucknow,803
Ludhiana,Madras,2552
Ludhiana,Nagpur,1280
Ludhiana,Nasik,1528
Ludhiana,Panjim,2091
Ludhiana,Patna,1395
Ludhiana,Pondicherry,2720
Ludhiana,Pune,1726
Madras,Ahmedabad,1821
Madras,Bangalore,331
Madras,Bhubaneshwar,1207
Madras,Bombay,1344
Madras,Calcutta,1630
Madras,Chandigarh,2489
Madras,Cochin,687
Madras,Delhi,2243
Madras,Hyderabad,699
Madras,Indore,1795
Madras,Jaipur,2200
Madras,Kanpur,2049
Madras,Lucknow,2128
Madras,Madras,0
Madras,Nagpur,1272
Madras,Nasik,1366
Madras,Panjim,909
Madras,Patna,2096
Madras,Pondicherry,168
Madras,Pune,1157
Madurai,Ahmedabad,1922
Madurai,Bangalore,432
Madurai,Bhubaneshwar,1687
Madurai,Bombay,1458
Madurai,Calcutta,2110
Madurai,Chandigarh,2785
Madurai,Cochin,326
Madurai,Delhi,2539
Madurai,Hyderabad,995
Madurai,Indore,2091
Madurai,Jaipur,2496
Madurai,Kanpur,2345
Madurai,Lucknow,2424
Madurai,Madras,480
Madurai,Nagpur,1568
Madurai,Nasik,1467
Madurai,Panjim,872
Madurai,Patna,2561
Madurai,Pondicherry,333
Madurai,Pune,1238
Meerut,Ahmedabad,1092
Meerut,Bangalore,2072
Meerut,Bhubaneshwar,1822
Meerut,Bombay,1468
Meerut,Calcutta,1497
Meerut,Chandigarh,381
Meerut,Cochin,2741
Meerut,Delhi,66
Meerut,Hyderabad,1470
Meerut,Indore,815
Meerut,Jaipur,327
Meerut,Kanpur,537
Meerut,Lucknow,453
Meerut,Madras,2266
Meerut,Nagpur,994
Meerut,Nasik,1242
Meerut,Panjim,1805
Meerut,Patna,934
Meerut,Pondicherry,2434
Meerut,Pune,1440
Nagpur,Ahmedabad,965
Nagpur,Bangalore,1078
Nagpur,Bhubaneshwar,830
Nagpur,Bombay,849
Nagpur,Calcutta,1163
Nagpur,Chandigarh,1217
Nagpur,Cochin,1608
Nagpur,Delhi,971
Nagpur,Hyderabad,476
Nagpur,Indore,445
Nagpur,Jaipur,928
Nagpur,Kanpur,777
Nagpur,Lucknow,856
Nagpur,Madras,1272
Nagpur,Nagpur,0
Nagpur,Nasik,700
Nagpur,Panjim,1247
Nagpur,Patna,993
Nagpur,Pondicherry,1440
Nagpur,Pune,909
Nasik,Ahmedabad,504
Nasik,Bangalore,1036
Nasik,Bhubaneshwar,1516
Nasik,Bombay,197
Nasik,Calcutta,1849
Nasik,Chandigarh,1466
Nasik,Cochin,1390
Nasik,Delhi,1220
Nasik,Hyderabad,754
Nasik,Indore,414
Nasik,Jaipur,1246
Nasik,Kanpur,1103
Nasik,Lucknow,1182
Nasik,Madras,1366
Nasik,Nagpur,700
Nasik,Nasik,0
Nasik,Panjim,701
Nasik,Patna,1679
Nasik,Pondicherry,1363
Nasik,Pune,209
Panjim,Ahmedabad,1165
Panjim,Bangalore,440
Panjim,Bhubaneshwar,1455
Panjim,Bombay,584
Panjim,Calcutta,974
Panjim,Chandigarh,2028
Panjim,Cochin,798
Panjim,Delhi,1782
Panjim,Hyderabad,765
Panjim,Indore,1115
Panjim,Jaipur,2496
Panjim,Kanpur,1813
Panjim,Lucknow,1883
Panjim,Madras,909
Panjim,Nagpur,1247
Panjim,Nasik,701
Panjim,Panjim,0
Panjim,Patna,1804
Panjim,Pondicherry,739
Panjim,Pune,501
Patna,Ahmedabad,1656
Patna,Bangalore,2071
Patna,Bhubaneshwar,862
Patna,Bombay,1856
Patna,Calcutta,621
Patna,Chandigarh,1332
Patna,Cochin,2601
Patna,Delhi,1086
Patna,Hyderabad,1489
Patna,Indore,1205
Patna,Jaipur,1115
Patna,Kanpur,595
Patna,Lucknow,566
Patna,Madras,2096
Patna,Nagpur,993
Patna,Nasik,1679
Patna,Panjim,1804
Patna,Patna,0
Patna,Pondicherry,2264
Patna,Pune,1738
Pondicherry,Ahmedabad,1818
Pondicherry,Bangalore,328
Pondicherry,Bhubaneshwar,1375
Pondicherry,Bombay,1452
Pondicherry,Calcutta,1798
Pondicherry,Chandigarh,2657
Pondicherry,Cochin,530
Pondicherry,Delhi,2411
Pondicherry,Hyderabad,867
Pondicherry,Indore,1963
Pondicherry,Jaipur,2368
Pondicherry,Kanpur,2217
Pondicherry,Lucknow,2296
Pondicherry,Madras,168
Pondicherry,Nagpur,1440
Pondicherry,Nasik,1363
Pondicherry,Panjim,739
Pondicherry,Patna,2264
Pondicherry,Pondicherry,0
Pondicherry,Pune,1154
Pune,Ahmedabad,664
Pune,Bangalore,826
Pune,Bhubaneshwar,1587
Pune,Bombay,184
Pune,Calcutta,2058
Pune,Chandigarh,1663
Pune,Cochin,1181
Pune,Delhi,1417
Pune,Hyderabad,545
Pune,Indore,623
Pune,Jaipur,1371
Pune,Kanpur,1312
Pune,Lucknow,1391
Pune,Madras,1157
Pune,Nagpur,909
Pune,Nasik,209
Pune,Panjim,501
Pune,Patna,1738
Pune,Pondicherry,1154
Pune,Pune,0
Ranchi,Ahmedabad,1781
Ranchi,Bangalore,2098
Ranchi,Bhubaneshwar,560
Ranchi,Bombay,1816
Ranchi,Calcutta,414
Ranchi,Chandigarh,1480
Ranchi,Cochin,2455
Ranchi,Delhi,1214
Ranchi,Hyderabad,1434
Ranchi,Indore,1333
Ranchi,Jaipur,1243
Ranchi,Kanpur,723
Ranchi,Lucknow,912
Ranchi,Madras,1767
Ranchi,Nagpur,958
Ranchi,Nasik,1615
Ranchi,Panjim,1630
Ranchi,Patna,302
Ranchi,Pondicherry,1935
Ranchi,Pune,1675
Shillong,Ahmedabad,2839
Shillong,Bangalore,3242
Shillong,Bhubaneshwar,1640
Shillong,Bombay,3011
Shillong,Calcutta,1281
Shillong,Chandigarh,2416
Shillong,Cochin,3599
Shillong,Delhi,2126
Shillong,Hyderabad,1309
Shillong,Indore,2309
Shillong,Jaipur,2229
Shillong,Kanpur,1699
Shillong,Lucknow,1670
Shillong,Madras,2911
Shillong,Nagpur,2114
Shillong,Nasik,2800
Shillong,Panjim,2925
Shillong,Patna,1019
Shillong,Pondicherry,3079
Shillong,Pune,2860
Shimla,Ahmedabad,1256
Shimla,Bangalore,2395
Shimla,Bhubaneshwar,2127
Shimla,Bombay,1753
Shimla,Calcutta,1839
Shimla,Chandigarh,99
Shimla,Cochin,3056
Shimla,Delhi,365
Shimla,Hyderabad,1812
Shimla,Indore,1171
Shimla,Jaipur,636
Shimla,Kanpur,846
Shimla,Lucknow,659
Shimla,Madras,2588
Shimla,Nagpur,1336
Shimla,Nasik,1567
Shimla,Panjim,2130
Shimla,Patna,1434
Shimla,Pondicherry,2759
Shimla,Pune,1782
Surat,Ahmedabad,263
Surat,Bangalore,1264
Surat,Bhubaneshwar,1579
Surat,Bombay,301
Surat,Calcutta,1912
Surat,Chandigarh,1325
Surat,Cochin,1593
Surat,Delhi,1182
Surat,Hyderabad,983
Surat,Indore,607
Surat,Jaipur,932
Surat,Kanpur,1296
Surat,Lucknow,1375
Surat,Madras,1695
Surat,Nagpur,749
Surat,Nasik,262
Surat,Panjim,913
Surat,Patna,1742
Surat,Pondicherry,1789
Surat,Pune,412
Trivandrum,Ahmedabad,2197
Trivandrum,Bangalore,696
Trivandrum,Bhubaneshwar,1953
Trivandrum,Bombay,1376
Trivandrum,Calcutta,2376
Trivandrum,Chandigarh,3051
Trivandrum,Cochin,218
Trivandrum,Delhi,1950
Trivandrum,Hyderabad,1261
Trivandrum,Indore,2156
Trivandrum,Jaipur,2782
Trivandrum,Kanpur,2611
Trivandrum,Lucknow,2690
Trivandrum,Madras,748
Trivandrum,Nagpur,1834
Trivandrum,Nasik,1742
Trivandrum,Panjim,792
Trivandrum,Patna,2827
Trivandrum,Pondicherry,622
Trivandrum,Pune,1533
Varanasi,Ahmedabad,1373
Varanasi,Bangalore,1791
Varanasi,Bhubaneshwar,968
Varanasi,Bombay,1597
Varanasi,Calcutta,695
Varanasi,Chandigarh,1032
Varanasi,Cochin,2331
Varanasi,Delhi,745
Varanasi,Hyderabad,1189
Varanasi,Indore,925
Varanasi,Jaipur,835
Varanasi,Kanpur,315
Varanasi,Lucknow,286
Varanasi,Madras,1985
Varanasi,Nagpur,713
Varanasi,Nasik,1399
Varanasi,Panjim,1524
Varanasi,Patna,280
Varanasi,Pondicherry,2153
Varanasi,Pune,1459
Vijayawada,Ahmedabad,1705
Vijayawada,Bangalore,637
Vijayawada,Bhubaneshwar,775
Vijayawada,Bombay,973
Vijayawada,Calcutta,1198
Vijayawada,Chandigarh,1959
Vijayawada,Cochin,1174
Vijayawada,Delhi,1716
Vijayawada,Hyderabad,269
Vijayawada,Indore,1255
Vijayawada,Jaipur,1660
Vijayawada,Kanpur,1519
Vijayawada,Lucknow,1598
Vijayawada,Madras,432
Vijayawada,Nagpur,742
Vijayawada,Nasik,1428
Vijayawada,Panjim,876
Vijayawada,Patna,1664
Vijayawada,Pondicherry,598
Vijayawada,Pune,842
Vishakapatnam,Ahmedabad,1815
Vishakapatnam,Bangalore,1093
Vishakapatnam,Bhubaneshwar,445
Vishakapatnam,Bombay,1754
Vishakapatnam,Calcutta,868
Vishakapatnam,Chandigarh,2127
Vishakapatnam,Cochin,1449
Vishakapatnam,Delhi,1881
Vishakapatnam,Hyderabad,599
Vishakapatnam,Indore,1433
Vishakapatnam,Jaipur,1838
Vishakapatnam,Kanpur,1687
Vishakapatnam,Lucknow,1765
Vishakapatnam,Madras,762
Vishakapatnam,Nagpur,910
Vishakapatnam,Nasik,1596
Vishakapatnam,Panjim,1206
Vishakapatnam,Patna,1334
Vishakapatnam,Pondicherry,930
Vishakapatnam,Pune,1658
