Amritsar,Amritsar,0
Amritsar,Imphal,20.25114288
Amritsar,Shillong,18.05556748
Amritsar,Bangalore,18.85422237
Amritsar,Nasik,11.67344807
Amritsar,Indore,8.969254004
Amritsar,Nagpur,11.29756915
Amritsar,Panjim,16.16914793
Amritsar,Pune,13.15243129
Amritsar,Hyderabad,14.72079539
Amritsar,Vishakapatnam,16.26046917
Amritsar,Shimla,2.357673694
Amritsar,Madurai,21.94871208
Amritsar,Calicut,20.40918538
Amritsar,Hubli,16.28461554
Amritsar,Baroda,9.486828628
Amritsar,Jullundur,0.774208758
Amritsar,Ludhiana,1.217530774
Amritsar,Agartala,18.16957498
Amritsar,Bhubaneshwar,15.79925096
Amritsar,Trivandrum,23.2388046
Amritsar,Meerut,3.91338243
Amritsar,Chandigarh,2.113750085
Amritsar,Varanasi,10.28757779
Amritsar,Patna,11.88948225
Amritsar,Pondicherry,20.31431564
Amritsar,Agra,5.451468603
Amritsar,Jaipur,4.812603194
Amritsar,Lucknow,7.729060814
Amritsar,Gwalior,6.346165681
Amritsar,Madras,19.31961657
Amritsar,Coimbatore,20.73799723
Amritsar,Ahmedabad,8.912947988
Amritsar,Jabalpur,9.877522827
Amritsar,Jamshedpur,14.3656091
Amritsar,Kolhapur,14.94488486
Amritsar,Allahabad,9.318579137
Amritsar,Delhi,3.796073118
Amritsar,Asansol,14.47727054
Amritsar,Cochin,21.74770606
Amritsar,Bombay,12.71334814
Amritsar,Calcutta,16.25111737
Amritsar,Kanpur,7.513027981
Amritsar,Ranchi,13.32399667
Amritsar,Surat,73.0328444
Amritsar,Bhopal,8.749100336
Amritsar,Vijayawada,16.17978188
Imphal,Amritsar,20.25114288
Imphal,Imphal,0
Imphal,Shillong,2.195946089
Imphal,Bangalore,20.17351714
Imphal,Nasik,20.70732437
Imphal,Indore,18.18742974
Imphal,Nagpur,15.29608457
Imphal,Panjim,22.15475315
Imphal,Pune,21.04033277
Imphal,Hyderabad,17.15858096
Imphal,Vishakapatnam,12.78426854
Imphal,Shimla,17.9118518
Imphal,Madurai,21.71526451
Imphal,Calicut,22.66127524
Imphal,Hubli,21.03884642
Imphal,Baroda,20.89251684
Imphal,Jullundur,19.47835031
Imphal,Ludhiana,19.08906342
Imphal,Agartala,2.825034905
Imphal,Bhubaneshwar,9.282355789
Imphal,Trivandrum,23.55138065
Imphal,Meerut,16.70520949
Imphal,Chandigarh,18.14868584
Imphal,Varanasi,10.94197489
Imphal,Patna,8.850081202
Imphal,Pondicherry,19.09144489
Imphal,Agra,16.10290182
Imphal,Jaipur,18.2406487
Imphal,Lucknow,13.16075017
Imphal,Gwalior,15.84147286
Imphal,Madras,18.00049083
Imphal,Coimbatore,21.87392726
Imphal,Ahmedabad,21.4305766
Imphal,Jabalpur,14.08228525
Imphal,Jamshedpur,7.987312924
Imphal,Kolhapur,21.29503464
Imphal,Allahabad,12.11949948
Imphal,Delhi,17.15275934
Imphal,Asansol,7.050031156
Imphal,Cochin,23.09212597
Imphal,Bombay,21.82144579
Imphal,Calcutta,6.000873424
Imphal,Kanpur,13.71572697
Imphal,Ranchi,8.729174932
Imphal,Surat,93.11248352
Imphal,Bhopal,16.60607344
Imphal,Vijayawada,15.68748973
Shillong,Amritsar,18.05556748
Shillong,Imphal,2.195946089
Shillong,Shillong,0
Shillong,Bangalore,19.05295631
Shillong,Nasik,18.9287609
Shillong,Indore,16.2669495
Shillong,Nagpur,13.54413605
Shillong,Panjim,20.67619874
Shillong,Pune,19.35921153
Shillong,Hyderabad,15.72516122
Shillong,Vishakapatnam,11.64147721
Shillong,Shimla,15.71591033
Shillong,Madurai,20.84442249
Shillong,Calicut,21.55955733
Shillong,Hubli,19.61922879
Shillong,Baroda,18.97370719
Shillong,Jullundur,17.28268239
Shillong,Ludhiana,16.89470946
Shillong,Agartala,1.845135892
Shillong,Bhubaneshwar,8.048350618
Shillong,Trivandrum,22.69464837
Shillong,Meerut,14.52382141
Shillong,Chandigarh,15.9537708
Shillong,Varanasi,8.878154215
Shillong,Patna,6.759084928
Shillong,Pondicherry,18.20306917
Shillong,Agra,13.96458435
Shillong,Jaipur,16.11929134
Shillong,Lucknow,11.02043164
Shillong,Gwalior,13.73951046
Shillong,Madras,17.05594669
Shillong,Coimbatore,20.85678048
Shillong,Ahmedabad,19.47110628
Shillong,Jabalpur,12.17471424
Shillong,Jamshedpur,6.32103701
Shillong,Kolhapur,19.7477527
Shillong,Allahabad,10.04967406
Shillong,Delhi,14.97974123
Shillong,Asansol,5.2588195
Shillong,Cochin,22.10406269
Shillong,Bombay,20.0843945
Shillong,Calcutta,4.626134431
Shillong,Kanpur,11.59458417
Shillong,Ranchi,6.918603925
Shillong,Surat,90.93628002
Shillong,Bhopal,14.66482509
Shillong,Vijayawada,14.46007527
Bangalore,Amritsar,18.85422237
Bangalore,Imphal,20.17351714
Bangalore,Shillong,19.05295631
Bangalore,Bangalore,0
Bangalore,Nasik,7.995146544
Bangalore,Indore,9.894543768
Bangalore,Nagpur,8.308082683
Bangalore,Panjim,4.529144288
Bangalore,Pune,6.685647795
Bangalore,Hyderabad,4.472033264
Bangalore,Vishakapatnam,7.416351039
Bangalore,Shimla,18.13220331
Bangalore,Madurai,3.095356389
Bangalore,Calicut,2.50833146
Bangalore,Hubli,3.413739245
Bangalore,Baroda,10.30511447
Bangalore,Jullundur,18.54516912
Bangalore,Ludhiana,18.01629556
Bangalore,Agartala,17.47277994
Bangalore,Bhubaneshwar,11.00461358
Bangalore,Trivandrum,4.53432232
Bangalore,Meerut,16.0248492
Bangalore,Chandigarh,17.77133451
Bangalore,Varanasi,13.49411453
Bangalore,Patna,14.70828298
Bangalore,Pondicherry,2.471319738
Bangalore,Agra,14.20466452
Bangalore,Jaipur,14.05073487
Bangalore,Lucknow,14.25908891
Bangalore,Gwalior,13.23909037
Bangalore,Madras,2.682235099
Bangalore,Coimbatore,2.072192965
Bangalore,Ahmedabad,11.22508233
Bangalore,Jabalpur,10.4539
Bangalore,Jamshedpur,13.06548385
Bangalore,Kolhapur,5.01028042
Bangalore,Allahabad,13.16412005
Bangalore,Delhi,15.67924673
Bangalore,Asansol,14.24013972
Bangalore,Cochin,3.320306347
Bangalore,Bombay,7.709307979
Bangalore,Calcutta,14.42760007
Bangalore,Kanpur,13.75803575
Bangalore,Ranchi,12.9556681
Bangalore,Surat,81.3149477
Bangalore,Bhopal,10.28341244
Bangalore,Vijayawada,4.652542759
Nasik,Amritsar,11.67344807
Nasik,Imphal,20.70732437
Nasik,Shillong,18.9287609
Nasik,Bangalore,7.995146544
Nasik,Nasik,0
Nasik,Indore,3.414268628
Nasik,Nagpur,5.412918137
Nasik,Panjim,4.512412718
Nasik,Pune,1.491202889
Nasik,Hyderabad,5.381840408
Nasik,Vishakapatnam,9.771919612
Nasik,Shimla,11.59663412
Nasik,Madurai,10.97295189
Nasik,Calicut,8.988174215
Nasik,Hubli,4.850414879
Nasik,Baroda,2.362475981
Nasik,Jullundur,11.55073343
Nasik,Ludhiana,11.09101329
Nasik,Agartala,17.90439852
Nasik,Bhubaneshwar,12.05178926
Nasik,Trivandrum,11.94774639
Nasik,Meerut,9.830250573
Nasik,Chandigarh,11.12887248
Nasik,Varanasi,10.64469739
Nasik,Patna,12.64048632
Nasik,Pondicherry,10.08600724
Nasik,Agra,8.314316691
Nasik,Jaipur,7.196104821
Nasik,Lucknow,9.881692554
Nasik,Gwalior,7.577504
Nasik,Madras,9.485818135
Nasik,Coimbatore,9.551720604
Nasik,Ahmedabad,3.244649038
Nasik,Jabalpur,6.918101506
Nasik,Jamshedpur,12.72247116
Nasik,Kolhapur,3.33890988
Nasik,Allahabad,9.703091222
Nasik,Delhi,9.297005344
Nasik,Asansol,13.68726055
Nasik,Cochin,10.37986451
Nasik,Bombay,1.304525945
Nasik,Calcutta,14.79702769
Nasik,Kanpur,9.179268837
Nasik,Ranchi,12.0138761
Nasik,Surat,75.1491138
Nasik,Bhopal,4.85688303
Nasik,Vijayawada,7.674161295
Indore,Amritsar,8.969254004
Indore,Imphal,18.18742974
Indore,Shillong,16.2669495
Indore,Bangalore,9.894543768
Indore,Nasik,3.414268628
Indore,Indore,0
Indore,Nagpur,3.577078702
Indore,Panjim,7.503977758
Indore,Pune,4.656845962
Indore,Hyderabad,5.959670924
Indore,Vishakapatnam,8.948373298
Indore,Shimla,8.484407451
Indore,Madurai,12.98987295
Indore,Calicut,11.47568045
Indore,Hubli,7.404617252
Indore,Baroda,2.707201458
Indore,Jullundur,8.699942314
Indore,Ludhiana,8.188670923
Indore,Agartala,15.45416021
Indore,Bhubaneshwar,10.27023842
Indore,Trivandrum,14.2730047
Indore,Meerut,6.561414878
Indore,Chandigarh,8.06168498
Indore,Varanasi,7.603366604
Indore,Patna,9.695728706
Indore,Pondicherry,11.4910984
Indore,Agra,4.942934351
Indore,Jaipur,4.195384708
Indore,Lucknow,6.528719902
Indore,Gwalior,4.16822344
Indore,Madras,10.59447255
Indore,Coimbatore,11.76956497
Indore,Ahmedabad,3.302263437
Indore,Jabalpur,4.105275531
Indore,Jamshedpur,10.33507696
Indore,Kolhapur,6.233766971
Indore,Allahabad,6.555506103
Indore,Delhi,6.083880028
Indore,Asansol,11.14845614
Indore,Cochin,12.79528287
Indore,Bombay,4.712013216
Indore,Calcutta,12.49655466
Indore,Kanpur,5.816005336
Indore,Ranchi,9.479129755
Indore,Surat,76.234545
Indore,Bhopal,1.625449929
Indore,Vijayawada,7.819812186
Nagpur,Amritsar,11.29756915
Nagpur,Imphal,15.29608457
Nagpur,Shillong,13.54413605
Nagpur,Bangalore,8.308082683
Nagpur,Nasik,5.412918137
Nagpur,Indore,3.577078702
Nagpur,Nagpur,0
Nagpur,Panjim,7.715867004
Nagpur,Pune,5.851173152
Nagpur,Hyderabad,3.837691835
Nagpur,Vishakapatnam,5.427806495
Nagpur,Shimla,10.13612875
Nagpur,Madurai,11.2653602
Nagpur,Calicut,10.44211285
Nagpur,Hubli,7.01229032
Nagpur,Baroda,5.998577662
Nagpur,Jullundur,10.83592179
Nagpur,Ludhiana,10.27997405
Nagpur,Agartala,12.49151724
Nagpur,Bhubaneshwar,6.815691304
Nagpur,Trivandrum,12.84024484
Nagpur,Meerut,7.960013589
Nagpur,Chandigarh,9.851770165
Nagpur,Varanasi,5.738584198
Nagpur,Patna,7.509100401
Nagpur,Pondicherry,9.246110282
Nagpur,Agra,6.120102029
Nagpur,Jaipur,6.624975798
Nagpur,Lucknow,5.982351174
Nagpur,Gwalior,5.137808502
Nagpur,Madras,8.153155072
Nagpur,Coimbatore,10.36691886
Nagpur,Ahmedabad,6.766403335
Nagpur,Jabalpur,2.190290621
Nagpur,Jamshedpur,7.309950908
Nagpur,Kolhapur,6.573880422
Nagpur,Allahabad,5.095268489
Nagpur,Delhi,7.729075245
Nagpur,Asansol,8.290425665
Nagpur,Cochin,11.56620391
Nagpur,Bombay,6.54051026
Nagpur,Calcutta,9.390251301
Nagpur,Kanpur,5.453865445
Nagpur,Ranchi,6.626031164
Nagpur,Surat,79.7757227
Nagpur,Bhopal,2.696131052
Nagpur,Vijayawada,4.888771052
Panjim,Amritsar,16.16914793
Panjim,Imphal,22.15475315
Panjim,Shillong,20.67619874
Panjim,Bangalore,4.529144288
Panjim,Nasik,4.512412718
Panjim,Indore,7.503977758
Panjim,Nagpur,7.715867004
Panjim,Panjim,0
Panjim,Pune,3.022547302
Panjim,Hyderabad,5.004940551
Panjim,Vishakapatnam,9.71939892
Panjim,Shimla,15.95916641
Panjim,Madurai,7.030347578
Panjim,Calicut,4.678440668
Panjim,Hubli,1.318011537
Panjim,Baroda,6.827814538
Panjim,Jullundur,16.01782939
Panjim,Ludhiana,15.54229214
Panjim,Agartala,19.34099934
Panjim,Bhubaneshwar,12.92051985
Panjim,Trivandrum,7.673404019
Panjim,Meerut,14.06479587
Panjim,Chandigarh,15.51503475
Panjim,Varanasi,13.45442059
Panjim,Patna,15.15924838
Panjim,Pondicherry,6.981257381
Panjim,Agra,12.40245385
Panjim,Jaipur,11.58873518
Panjim,Lucknow,13.38192935
Panjim,Gwalior,11.54698121
Panjim,Madras,6.879874958
Panjim,Coimbatore,5.48183829
Panjim,Ahmedabad,7.625530838
Panjim,Jabalpur,9.807045857
Panjim,Jamshedpur,14.36875612
Panjim,Kolhapur,1.272498892
Panjim,Allahabad,12.76228154
Panjim,Delhi,13.58350083
Panjim,Asansol,15.48788436
Panjim,Cochin,6.078554785
Panjim,Bombay,3.703478658
Panjim,Calcutta,16.16547379
Panjim,Kanpur,12.7408708
Panjim,Ranchi,13.93307183
Panjim,Surat,76.85757944
Panjim,Bhopal,8.542925094
Panjim,Vijayawada,6.864965001
Pune,Amritsar,13.15243129
Pune,Imphal,21.04033277
Pune,Shillong,19.35921153
Pune,Bangalore,6.685647795
Pune,Nasik,1.491202889
Pune,Indore,4.656845962
Pune,Nagpur,5.851173152
Pune,Panjim,3.022547302
Pune,Pune,0
Pune,Hyderabad,4.763225574
Pune,Vishakapatnam,9.469493457
Pune,Shimla,13.01246538
Pune,Madurai,9.592912442
Pune,Calicut,7.525682735
Pune,Hubli,3.419613004
Pune,Baroda,3.833168037
Pune,Jullundur,13.01509059
Pune,Ludhiana,12.54754656
Pune,Agartala,18.21885708
Pune,Bhubaneshwar,12.11048473
Pune,Trivandrum,10.49916076
Pune,Meerut,11.18623168
Pune,Chandigarh,12.55501942
Pune,Varanasi,11.41114471
Pune,Patna,13.31278452
Pune,Pondicherry,8.894285436
Pune,Agra,9.599779269
Pune,Jaipur,8.62085272
Pune,Lucknow,10.92224796
Pune,Gwalior,8.805265803
Pune,Madras,8.410146726
Pune,Coimbatore,8.136750626
Pune,Ahmedabad,4.677258055
Pune,Jabalpur,7.660125408
Pune,Jamshedpur,13.06922831
Pune,Kolhapur,1.859116669
Pune,Allahabad,10.5598645
Pune,Delhi,10.67533253
Pune,Asansol,14.10050505
Pune,Cochin,8.922585677
Pune,Bombay,1.124054443
Pune,Calcutta,15.06439723
Pune,Kanpur,10.24018848
Pune,Ranchi,12.45325047
Pune,Surat,75.73589261
Pune,Bhopal,5.918168595
Pune,Vijayawada,7.057144822
Hyderabad,Amritsar,14.72079539
Hyderabad,Imphal,17.15858096
Hyderabad,Shillong,15.72516122
Hyderabad,Bangalore,4.472033264
Hyderabad,Nasik,5.381840408
Hyderabad,Indore,5.959670924
Hyderabad,Nagpur,3.837691835
Hyderabad,Panjim,5.004940551
Hyderabad,Pune,4.763225574
Hyderabad,Hyderabad,0
Hyderabad,Vishakapatnam,4.829540579
Hyderabad,Shimla,13.80520119
Hyderabad,Madurai,7.443182959
Hyderabad,Calicut,6.684469514
Hyderabad,Hubli,3.894160731
Hyderabad,Baroda,7.228249602
Hyderabad,Jullundur,14.34357107
Hyderabad,Ludhiana,13.79989725
Hyderabad,Agartala,14.34999569
Hyderabad,Bhubaneshwar,7.915635454
Hyderabad,Trivandrum,9.002724392
Hyderabad,Meerut,11.66144412
Hyderabad,Chandigarh,13.47563701
Hyderabad,Varanasi,9.173593707
Hyderabad,Patna,10.59514028
Hyderabad,Pondicherry,5.593529319
Hyderabad,Agra,9.825639936
Hyderabad,Jaipur,9.916902825
Hyderabad,Lucknow,9.791703935
Hyderabad,Gwalior,8.848804832
Hyderabad,Madras,4.638738582
Hyderabad,Coimbatore,6.535888123
Hyderabad,Ahmedabad,8.172559573
Hyderabad,Jabalpur,5.985085842
Hyderabad,Jamshedpur,9.451960975
Hyderabad,Kolhapur,4.284319652
Hyderabad,Allahabad,8.748400958
Hyderabad,Delhi,11.36034332
Hyderabad,Asansol,10.59647457
Hyderabad,Cochin,7.750065177
Hyderabad,Bombay,5.853657442
Hyderabad,Calcutta,11.17919299
Hyderabad,Kanpur,9.286005172
Hyderabad,Ranchi,9.11315061
Hyderabad,Surat,80.46457368
Hyderabad,Bhopal,5.994541225
Hyderabad,Vijayawada,2.307439298
Vishakapatnam,Amritsar,16.26046917
Vishakapatnam,Imphal,12.78426854
Vishakapatnam,Shillong,11.64147721
Vishakapatnam,Bangalore,7.416351039
Vishakapatnam,Nasik,9.771919612
Vishakapatnam,Indore,8.948373298
Vishakapatnam,Nagpur,5.427806495
Vishakapatnam,Panjim,9.71939892
Vishakapatnam,Pune,9.469493457
Vishakapatnam,Hyderabad,4.829540579
Vishakapatnam,Vishakapatnam,0
Vishakapatnam,Shimla,14.71528356
Vishakapatnam,Madurai,9.357282055
Vishakapatnam,Calicut,9.920369075
Vishakapatnam,Hubli,8.489533504
Vishakapatnam,Baroda,11.08441557
Vishakapatnam,Jullundur,15.69839623
Vishakapatnam,Ludhiana,15.14074935
Vishakapatnam,Agartala,10.06010451
Vishakapatnam,Bhubaneshwar,3.59788538
Vishakapatnam,Trivandrum,11.20182669
Vishakapatnam,Meerut,12.55829343
Vishakapatnam,Chandigarh,14.54458329
Vishakapatnam,Varanasi,7.619404617
Vishakapatnam,Patna,8.098116981
Vishakapatnam,Pondicherry,6.742560064
Vishakapatnam,Agra,10.82844469
Vishakapatnam,Jaipur,11.84680447
Vishakapatnam,Lucknow,9.416002059
Vishakapatnam,Gwalior,9.914303699
Vishakapatnam,Madras,5.53434317
Vishakapatnam,Coimbatore,9.229742577
Vishakapatnam,Ahmedabad,11.95006277
Vishakapatnam,Jabalpur,6.383180592
Vishakapatnam,Jamshedpur,5.855896637
Vishakapatnam,Kolhapur,9.106715902
Vishakapatnam,Allahabad,7.852863263
Vishakapatnam,Delhi,12.50170458
Vishakapatnam,Asansol,7.011770883
Vishakapatnam,Cochin,10.48832318
Vishakapatnam,Bombay,10.4999885
Vishakapatnam,Calcutta,7.019780276
Vishakapatnam,Kanpur,9.229772613
Vishakapatnam,Ranchi,6.003940311
Vishakapatnam,Surat,84.8631713
Vishakapatnam,Bhopal,8.082589073
Vishakapatnam,Vijayawada,2.93395378
Shimla,Amritsar,2.357673694
Shimla,Imphal,17.9118518
Shimla,Shillong,15.71591033
Shimla,Bangalore,18.13220331
Shimla,Nasik,11.59663412
Shimla,Indore,8.484407451
Shimla,Nagpur,10.13612875
Shimla,Panjim,15.95916641
Shimla,Pune,13.01246538
Shimla,Hyderabad,13.80520119
Shimla,Vishakapatnam,14.71528356
Shimla,Shimla,0
Shimla,Madurai,21.19902709
Shimla,Calicut,19.90806745
Shimla,Hubli,15.88296138
Shimla,Baroda,9.663057194
Shimla,Jullundur,1.585412275
Shimla,Ludhiana,1.333724342
Shimla,Agartala,15.87536333
Shimla,Bhubaneshwar,13.88278607
Shimla,Trivandrum,22.61702946
Shimla,Meerut,2.186647437
Shimla,Chandigarh,0.538277132
Shimla,Varanasi,8.206228695
Shimla,Patna,9.6662418
Shimla,Pondicherry,19.35371869
Shimla,Agra,4.017448335
Shimla,Jaipur,4.401482251
Shimla,Lucknow,5.688944936
Shimla,Gwalior,4.998715699
Shimla,Madras,18.28502266
Shimla,Coimbatore,20.10341851
Shimla,Ahmedabad,9.295536359
Shimla,Jabalpur,8.415288159
Shimla,Jamshedpur,12.26827091
Shimla,Kolhapur,14.6964366
Shimla,Allahabad,7.337967775
Shimla,Delhi,2.452964323
Shimla,Asansol,12.29326986
Shimla,Cochin,21.1921157
Shimla,Bombay,12.76884259
Shimla,Calcutta,14.07364058
Shimla,Kanpur,5.611338622
Shimla,Ranchi,11.23855554
Shimla,Surat,75.38951273
Shimla,Bhopal,7.849067304
Shimla,Vijayawada,14.99703436
Madurai,Amritsar,21.94871208
Madurai,Imphal,21.71526451
Madurai,Shillong,20.84442249
Madurai,Bangalore,3.095356389
Madurai,Nasik,10.97295189
Madurai,Indore,12.98987295
Madurai,Nagpur,11.2653602
Madurai,Panjim,7.030347578
Madurai,Pune,9.592912442
Madurai,Hyderabad,7.443182959
Madurai,Vishakapatnam,9.357282055
Madurai,Shimla,21.19902709
Madurai,Madurai,0
Madurai,Calicut,2.684916923
Madurai,Hubli,6.188353271
Madurai,Baroda,13.31357967
Madurai,Jullundur,21.63517912
Madurai,Ludhiana,21.10452566
Madurai,Agartala,19.15087797
Madurai,Bhubaneshwar,12.90257301
Madurai,Trivandrum,1.851582088
Madurai,Meerut,19.07767274
Madurai,Chandigarh,20.84619629
Madurai,Varanasi,16.16788102
Madurai,Patna,17.17833221
Madurai,Pondicherry,2.641658686
Madurai,Agra,17.24945532
Madurai,Jaipur,17.14366682
Madurai,Lucknow,17.14556668
Madurai,Gwalior,16.2776669
Madurai,Madras,3.823482285
Madurai,Coimbatore,1.575599007
Madurai,Ahmedabad,14.2169558
Madurai,Jabalpur,13.36147646
Madurai,Jamshedpur,15.20544904
Madurai,Kolhapur,7.805672478
Madurai,Allahabad,15.9517645
Madurai,Delhi,18.7468434
Madurai,Asansol,16.36688877
Madurai,Cochin,1.846692001
Madurai,Bombay,10.54428061
Madurai,Calcutta,16.27861971
Madurai,Kanpur,16.6815262
Madurai,Ranchi,15.25572169
Madurai,Surat,83.07055513
Madurai,Bhopal,13.35137447
Madurai,Vijayawada,7.042959022
Calicut,Amritsar,20.40918538
Calicut,Imphal,22.66127524
Calicut,Shillong,21.55955733
Calicut,Bangalore,2.50833146
Calicut,Nasik,8.988174215
Calicut,Indore,11.47568045
Calicut,Nagpur,10.44211285
Calicut,Panjim,4.678440668
Calicut,Pune,7.525682735
Calicut,Hyderabad,6.684469514
Calicut,Vishakapatnam,9.920369075
Calicut,Shimla,19.90806745
Calicut,Madurai,2.684916923
Calicut,Calicut,0
Calicut,Hubli,4.155965329
Calicut,Baroda,11.34967339
Calicut,Jullundur,20.1722363
Calicut,Ludhiana,19.66410727
Calicut,Agartala,19.97188644
Calicut,Bhubaneshwar,13.51141246
Calicut,Trivandrum,2.99564297
Calicut,Meerut,17.86707298
Calicut,Chandigarh,19.51087883
Calicut,Varanasi,15.83821086
Calicut,Patna,17.13821181
Calicut,Pondicherry,4.11328959
Calicut,Agra,16.08612926
Calicut,Jaipur,15.6704622
Calicut,Lucknow,16.424361
Calicut,Gwalior,15.14711791
Calicut,Madras,4.856238009
Calicut,Coimbatore,1.212030298
Calicut,Ahmedabad,12.20247788
Calicut,Jabalpur,12.62584508
Calicut,Jamshedpur,15.56548494
Calicut,Kolhapur,5.669520111
Calicut,Allahabad,15.43200279
Calicut,Delhi,17.46665822
Calicut,Asansol,16.73998192
Calicut,Cochin,1.402832924
Calicut,Bombay,8.352118079
Calicut,Calcutta,16.93466738
Calicut,Kanpur,15.88052433
Calicut,Ranchi,15.43404414
Calicut,Surat,80.39151996
Calicut,Bhopal,12.12303827
Calicut,Vijayawada,7.152733047
Hubli,Amritsar,16.28461554
Hubli,Imphal,21.03884642
Hubli,Shillong,19.61922879
Hubli,Bangalore,3.413739245
Hubli,Nasik,4.850414879
Hubli,Indore,7.404617252
Hubli,Nagpur,7.01229032
Hubli,Panjim,1.318011537
Hubli,Pune,3.419613004
Hubli,Hyderabad,3.894160731
Hubli,Vishakapatnam,8.489533504
Hubli,Shimla,15.88296138
Hubli,Madurai,6.188353271
Hubli,Calicut,4.155965329
Hubli,Hubli,0
Hubli,Baroda,7.212331201
Hubli,Jullundur,16.07195924
Hubli,Ludhiana,15.57353628
Hubli,Agartala,18.23572831
Hubli,Bhubaneshwar,11.77346033
Hubli,Trivandrum,7.098146742
Hubli,Meerut,13.89993983
Hubli,Chandigarh,15.46586301
Hubli,Varanasi,12.7125053
Hubli,Patna,14.3152729
Hubli,Pondicherry,5.805366819
Hubli,Agra,12.16719437
Hubli,Jaipur,11.58365485
Hubli,Lucknow,12.86603934
Hubli,Gwalior,11.26410639
Hubli,Madras,5.611057468
Hubli,Coimbatore,4.717291006
Hubli,Ahmedabad,8.085196572
Hubli,Jabalpur,9.172493355
Hubli,Jamshedpur,13.33909238
Hubli,Kolhapur,1.62192173
Hubli,Allahabad,12.10649587
Hubli,Delhi,13.46215704
Hubli,Asansol,14.4770142
Hubli,Cochin,5.536944349
Hubli,Bombay,4.358334901
Hubli,Calcutta,15.0686693
Hubli,Kanpur,12.25899979
Hubli,Ranchi,12.96409641
Hubli,Surat,78.11947289
Hubli,Bhopal,8.224402473
Hubli,Vijayawada,5.601305598
Baroda,Amritsar,9.486828628
Baroda,Imphal,20.89251684
Baroda,Shillong,18.97370719
Baroda,Bangalore,10.30511447
Baroda,Nasik,2.362475981
Baroda,Indore,2.707201458
Baroda,Nagpur,5.998577662
Baroda,Panjim,6.827814538
Baroda,Pune,3.833168037
Baroda,Hyderabad,7.228249602
Baroda,Vishakapatnam,11.08441557
Baroda,Shimla,9.663057194
Baroda,Madurai,13.31357967
Baroda,Calicut,11.34967339
Baroda,Hubli,7.212331201
Baroda,Baroda,0
Baroda,Jullundur,9.435606348
Baroda,Ludhiana,9.012373797
Baroda,Agartala,18.15304938
Baroda,Bhubaneshwar,12.80821643
Baroda,Trivandrum,14.31007043
Baroda,Meerut,8.115168845
Baroda,Chandigarh,9.164871019
Baroda,Varanasi,10.27296251
Baroda,Patna,12.38050303
Baroda,Pondicherry,12.30604525
Baroda,Agra,6.854481941
Baroda,Jaipur,5.311913948
Baroda,Lucknow,8.973942926
Baroda,Gwalior,6.316048223
Baroda,Madras,11.61721027
Baroda,Coimbatore,11.90758666
Baroda,Ahmedabad,0.949892613
Baroda,Jabalpur,6.810486941
Baroda,Jamshedpur,13.0184688
Baroda,Kolhapur,5.691469233
Baroda,Allahabad,9.192738559
Baroda,Delhi,7.523341559
Baroda,Asansol,13.85030925
Baroda,Cochin,12.74215063
Baroda,Bombay,3.234251309
Baroda,Calcutta,15.17212374
Baroda,Kanpur,8.254504547
Baroda,Ranchi,12.17812113
Baroda,Surat,73.826512
Baroda,Bhopal,4.316116514
Baroda,Vijayawada,9.414186952
Jullundur,Amritsar,0.774208758
Jullundur,Imphal,19.47835031
Jullundur,Shillong,17.28268239
Jullundur,Bangalore,18.54516912
Jullundur,Nasik,11.55073343
Jullundur,Indore,8.699942314
Jullundur,Nagpur,10.83592179
Jullundur,Panjim,16.01782939
Jullundur,Pune,13.01509059
Jullundur,Hyderabad,14.34357107
Jullundur,Vishakapatnam,15.69839623
Jullundur,Shimla,1.585412275
Jullundur,Madurai,21.63517912
Jullundur,Calicut,20.1722363
Jullundur,Hubli,16.07195924
Jullundur,Baroda,9.435606348
Jullundur,Jullundur,0
Jullundur,Ludhiana,0.559378071
Jullundur,Agartala,17.40555564
Jullundur,Bhubaneshwar,15.13175271
Jullundur,Trivandrum,22.96703348
Jullundur,Meerut,3.235172917
Jullundur,Chandigarh,1.354522922
Jullundur,Varanasi,9.571055372
Jullundur,Patna,11.1402687
Jullundur,Pondicherry,19.93313092
Jullundur,Agra,4.869983057
Jullundur,Jaipur,4.505753799
Jullundur,Lucknow,7.017384714
Jullundur,Gwalior,5.799129467
Jullundur,Madras,18.91436337
Jullundur,Coimbatore,20.45919142
Jullundur,Ahmedabad,8.927478792
Jullundur,Jabalpur,9.323817591
Jullundur,Jamshedpur,13.64882131
Jullundur,Kolhapur,14.77803826
Jullundur,Allahabad,8.62529137
Jullundur,Delhi,3.197161496
Jullundur,Asansol,13.73862156
Jullundur,Cochin,21.49521162
Jullundur,Bombay,12.63837747
Jullundur,Calcutta,15.51475813
Jullundur,Kanpur,6.833548244
Jullundur,Ranchi,12.60954101
Jullundur,Surat,73.80410056
Jullundur,Bhopal,8.351245223
Jullundur,Vijayawada,15.72463571
Ludhiana,Amritsar,1.217530774
Ludhiana,Imphal,19.08906342
Ludhiana,Shillong,16.89470946
Ludhiana,Bangalore,18.01629556
Ludhiana,Nasik,11.09101329
Ludhiana,Indore,8.188670923
Ludhiana,Nagpur,10.27997405
Ludhiana,Panjim,15.54229214
Ludhiana,Pune,12.54754656
Ludhiana,Hyderabad,13.79989725
Ludhiana,Vishakapatnam,15.14074935
Ludhiana,Shimla,1.333724342
Ludhiana,Madurai,21.10452566
Ludhiana,Calicut,19.66410727
Ludhiana,Hubli,15.57353628
Ludhiana,Baroda,9.012373797
Ludhiana,Jullundur,0.559378071
Ludhiana,Ludhiana,0
Ludhiana,Agartala,16.97657052
Ludhiana,Bhubaneshwar,14.59973946
Ludhiana,Trivandrum,22.44755857
Ludhiana,Meerut,2.704683319
Ludhiana,Chandigarh,0.94960101
Ludhiana,Varanasi,9.070344804
Ludhiana,Patna,10.67966814
Ludhiana,Pondicherry,19.38767273
Ludhiana,Agra,4.312639377
Ludhiana,Jaipur,3.993691315
Ludhiana,Lucknow,6.512237287
Ludhiana,Gwalior,5.239876036
Ludhiana,Madras,18.36480304
Ludhiana,Coimbatore,19.93819542
Ludhiana,Ahmedabad,8.53910081
Ludhiana,Jabalpur,8.76518019
Ludhiana,Jamshedpur,13.14846325
Ludhiana,Kolhapur,14.2972352
Ludhiana,Allahabad,8.10662069
Ludhiana,Delhi,2.640685422
Ludhiana,Asansol,13.2619022
Ludhiana,Cochin,20.98182834
Ludhiana,Bombay,12.19841346
Ludhiana,Calcutta,15.03501861
Ludhiana,Kanpur,6.306181407
Ludhiana,Ranchi,12.10710635
Ludhiana,Surat,74.13570196
Ludhiana,Bhopal,7.806043315
Ludhiana,Vijayawada,15.1687451
Agartala,Amritsar,18.16957498
Agartala,Imphal,2.825034905
Agartala,Shillong,1.845135892
Agartala,Bangalore,17.47277994
Agartala,Nasik,17.90439852
Agartala,Indore,15.45416021
Agartala,Nagpur,12.49151724
Agartala,Panjim,19.34099934
Agartala,Pune,18.21885708
Agartala,Hyderabad,14.34999569
Agartala,Vishakapatnam,10.06010451
Agartala,Shimla,15.87536333
Agartala,Madurai,19.15087797
Agartala,Calicut,19.97188644
Agartala,Hubli,18.23572831
Agartala,Baroda,18.15304938
Agartala,Jullundur,17.40555564
Agartala,Ludhiana,16.97657052
Agartala,Agartala,0
Agartala,Bhubaneshwar,6.509770253
Agartala,Trivandrum,20.99750864
Agartala,Meerut,14.4691116
Agartala,Chandigarh,16.05582847
Agartala,Varanasi,8.410397685
Agartala,Patna,6.410390694
Agartala,Pondicherry,16.5131827
Agartala,Agra,13.68734681
Agartala,Jaipur,15.76797908
Agartala,Lucknow,10.77579757
Agartala,Gwalior,13.33772193
Agartala,Madras,15.38759763
Agartala,Coimbatore,19.22611222
Agartala,Ahmedabad,18.72019065
Agartala,Jabalpur,11.3524206
Agartala,Jamshedpur,5.182747339
Agartala,Kolhapur,18.47264629
Agartala,Allahabad,9.584247376
Agartala,Delhi,14.86381829
Agartala,Asansol,4.310133177
Agartala,Cochin,20.46111739
Agartala,Bombay,19.0079691
Agartala,Calcutta,3.178306565
Agartala,Kanpur,11.27166616
Agartala,Ranchi,5.975168147
Agartala,Surat,90.76061583
Agartala,Bhopal,13.89220492
Agartala,Vijayawada,12.93587508
Bhubaneshwar,Amritsar,15.79925096
Bhubaneshwar,Imphal,9.282355789
Bhubaneshwar,Shillong,8.048350618
Bhubaneshwar,Bangalore,11.00461358
Bhubaneshwar,Nasik,12.05178926
Bhubaneshwar,Indore,10.27023842
Bhubaneshwar,Nagpur,6.815691304
Bhubaneshwar,Panjim,12.92051985
Bhubaneshwar,Pune,12.11048473
Bhubaneshwar,Hyderabad,7.915635454
Bhubaneshwar,Vishakapatnam,3.59788538
Bhubaneshwar,Shimla,13.88278607
Bhubaneshwar,Madurai,12.90257301
Bhubaneshwar,Calicut,13.51141246
Bhubaneshwar,Hubli,11.77346033
Bhubaneshwar,Baroda,12.80821643
Bhubaneshwar,Jullundur,15.13175271
Bhubaneshwar,Ludhiana,14.59973946
Bhubaneshwar,Agartala,6.509770253
Bhubaneshwar,Bhubaneshwar,0
Bhubaneshwar,Trivandrum,14.7528821
Bhubaneshwar,Meerut,11.89699424
Bhubaneshwar,Chandigarh,13.84232641
Bhubaneshwar,Varanasi,5.811921022
Bhubaneshwar,Patna,5.396725537
Bhubaneshwar,Pondicherry,10.26801014
Bhubaneshwar,Agra,10.44604508
Bhubaneshwar,Jaipur,12.02917277
Bhubaneshwar,Lucknow,8.205185759
Bhubaneshwar,Gwalior,9.712818127
Bhubaneshwar,Madras,9.084071132
Bhubaneshwar,Coimbatore,12.82629099
Bhubaneshwar,Ahmedabad,13.54421553
Bhubaneshwar,Jabalpur,6.565197496
Bhubaneshwar,Jamshedpur,2.567089948
Bhubaneshwar,Kolhapur,12.13220566
Bhubaneshwar,Allahabad,6.546388898
Bhubaneshwar,Delhi,12.02819557
Bhubaneshwar,Asansol,3.609969597
Bhubaneshwar,Cochin,14.0823266
Bhubaneshwar,Bombay,13.01503801
Bhubaneshwar,Calcutta,3.423423155
Bhubaneshwar,Kanpur,8.300156129
Bhubaneshwar,Ranchi,3.152013518
Bhubaneshwar,Surat,86.48411442
Bhubaneshwar,Bhopal,8.954324243
Bhubaneshwar,Vijayawada,6.429017825
Trivandrum,Amritsar,23.2388046
Trivandrum,Imphal,23.55138065
Trivandrum,Shillong,22.69464837
Trivandrum,Bangalore,4.53432232
Trivandrum,Nasik,11.94774639
Trivandrum,Indore,14.2730047
Trivandrum,Nagpur,12.84024484
Trivandrum,Panjim,7.673404019
Trivandrum,Pune,10.49916076
Trivandrum,Hyderabad,9.002724392
Trivandrum,Vishakapatnam,11.20182669
Trivandrum,Shimla,22.61702946
Trivandrum,Madurai,1.851582088
Trivandrum,Calicut,2.99564297
Trivandrum,Hubli,7.098146742
Trivandrum,Baroda,14.31007043
Trivandrum,Jullundur,22.96703348
Trivandrum,Ludhiana,22.44755857
Trivandrum,Agartala,20.99750864
Trivandrum,Bhubaneshwar,14.7528821
Trivandrum,Trivandrum,0
Trivandrum,Meerut,20.52883646
Trivandrum,Chandigarh,22.2422175
Trivandrum,Varanasi,17.90419474
Trivandrum,Patna,18.9731
Trivandrum,Pondicherry,4.492880408
Trivandrum,Agra,18.71719661
Trivandrum,Jaipur,18.46175797
Trivandrum,Lucknow,18.77803
Trivandrum,Gwalior,17.75675967
Trivandrum,Madras,5.670821998
Trivandrum,Coimbatore,2.513631313
Trivandrum,Ahmedabad,15.1755624
Trivandrum,Jabalpur,14.97666451
Trivandrum,Jamshedpur,17.04502581
Trivandrum,Kolhapur,8.649152466
Trivandrum,Allahabad,17.6401435
Trivandrum,Delhi,20.16535797
Trivandrum,Asansol,18.20850189
Trivandrum,Cochin,1.595327716
Trivandrum,Bombay,11.3452482
Trivandrum,Calcutta,18.1302016
Trivandrum,Kanpur,18.28668229
Trivandrum,Ranchi,17.07779166
Trivandrum,Surat,82.66230004
Trivandrum,Bhopal,14.77724822
Trivandrum,Vijayawada,8.820707081
Meerut,Amritsar,3.91338243
Meerut,Imphal,16.70520949
Meerut,Shillong,14.52382141
Meerut,Bangalore,16.0248492
Meerut,Nasik,9.830250573
Meerut,Indore,6.561414878
Meerut,Nagpur,7.960013589
Meerut,Panjim,14.06479587
Meerut,Pune,11.18623168
Meerut,Hyderabad,11.66144412
Meerut,Vishakapatnam,12.55829343
Meerut,Shimla,2.186647437
Meerut,Madurai,19.07767274
Meerut,Calicut,17.86707298
Meerut,Hubli,13.89993983
Meerut,Baroda,8.115168845
Meerut,Jullundur,3.235172917
Meerut,Ludhiana,2.704683319
Meerut,Agartala,14.4691116
Meerut,Bhubaneshwar,11.89699424
Meerut,Trivandrum,20.52883646
Meerut,Meerut,0
Meerut,Chandigarh,1.989603582
Meerut,Varanasi,6.394025909
Meerut,Patna,8.099475034
Meerut,Pondicherry,17.1907606
Meerut,Agra,1.841314531
Meerut,Jaipur,2.854400472
Meerut,Lucknow,3.834389265
Meerut,Gwalior,2.823868039
Meerut,Madras,16.1123978
Meerut,Coimbatore,18.01685117
Meerut,Ahmedabad,7.916409846
Meerut,Jabalpur,6.233931772
Meerut,Jamshedpur,10.46775561
Meerut,Kolhapur,12.79377982
Meerut,Allahabad,5.405593318
Meerut,Delhi,0.648219232
Meerut,Asansol,10.62976375
Meerut,Cochin,19.12831272
Meerut,Bombay,11.06168306
Meerut,Calcutta,12.39301365
Meerut,Kanpur,3.601498319
Meerut,Ranchi,9.423855926
Meerut,Surat,76.41374518
Meerut,Bhopal,5.753834521
Meerut,Vijayawada,12.81294341
Chandigarh,Amritsar,2.113750085
Chandigarh,Imphal,18.14868584
Chandigarh,Shillong,15.9537708
Chandigarh,Bangalore,17.77133451
Chandigarh,Nasik,11.12887248
Chandigarh,Indore,8.06168498
Chandigarh,Nagpur,9.851770165
Chandigarh,Panjim,15.51503475
Chandigarh,Pune,12.55501942
Chandigarh,Hyderabad,13.47563701
Chandigarh,Vishakapatnam,14.54458329
Chandigarh,Shimla,0.538277132
Chandigarh,Madurai,20.84619629
Chandigarh,Calicut,19.51087883
Chandigarh,Hubli,15.46586301
Chandigarh,Baroda,9.164871019
Chandigarh,Jullundur,1.354522922
Chandigarh,Ludhiana,0.94960101
Chandigarh,Agartala,16.05582847
Chandigarh,Bhubaneshwar,13.84232641
Chandigarh,Trivandrum,22.2422175
Chandigarh,Meerut,1.989603582
Chandigarh,Chandigarh,0
Chandigarh,Varanasi,8.235841507
Chandigarh,Patna,9.78595813
Chandigarh,Pondicherry,19.04108114
Chandigarh,Agra,3.759969117
Chandigarh,Jaipur,3.93460096
Chandigarh,Lucknow,5.689634694
Chandigarh,Gwalior,4.729849971
Chandigarh,Madras,17.98719235
Chandigarh,Coimbatore,19.72884175
Chandigarh,Ahmedabad,8.780316856
Chandigarh,Jabalpur,8.204278459
Chandigarh,Jamshedpur,12.31147245
Chandigarh,Kolhapur,14.25576277
Chandigarh,Allahabad,7.314454752
Chandigarh,Delhi,2.12373989
Chandigarh,Asansol,12.38734757
Chandigarh,Cochin,20.80495397
Chandigarh,Bombay,12.28858674
Chandigarh,Calcutta,14.16438249
Chandigarh,Kanpur,5.544228877
Chandigarh,Ranchi,11.27445871
Chandigarh,Surat,75.08520681
Chandigarh,Bhopal,7.496860975
Chandigarh,Vijayawada,14.72893818
Varanasi,Amritsar,10.28757779
Varanasi,Imphal,10.94197489
Varanasi,Shillong,8.878154215
Varanasi,Bangalore,13.49411453
Varanasi,Nasik,10.64469739
Varanasi,Indore,7.603366604
Varanasi,Nagpur,5.738584198
Varanasi,Panjim,13.45442059
Varanasi,Pune,11.41114471
Varanasi,Hyderabad,9.173593707
Varanasi,Vishakapatnam,7.619404617
Varanasi,Shimla,8.206228695
Varanasi,Madurai,16.16788102
Varanasi,Calicut,15.83821086
Varanasi,Hubli,12.7125053
Varanasi,Baroda,10.27296251
Varanasi,Jullundur,9.571055372
Varanasi,Ludhiana,9.070344804
Varanasi,Agartala,8.410397685
Varanasi,Bhubaneshwar,5.811921022
Varanasi,Trivandrum,17.90419474
Varanasi,Meerut,6.394025909
Varanasi,Chandigarh,8.235841507
Varanasi,Varanasi,0
Varanasi,Patna,2.13352145
Varanasi,Pondicherry,13.77301371
Varanasi,Agra,5.325625515
Varanasi,Jaipur,7.36019346
Varanasi,Lucknow,2.560235996
Varanasi,Gwalior,4.927335933
Varanasi,Madras,12.55404323
Varanasi,Coimbatore,15.55629604
Varanasi,Ahmedabad,10.68158596
Varanasi,Jabalpur,3.752340907
Varanasi,Jamshedpur,4.078227414
Varanasi,Kolhapur,12.30395667
Varanasi,Allahabad,1.178293763
Varanasi,Delhi,6.668622424
Varanasi,Asansol,4.295921236
Varanasi,Cochin,16.81440546
Varanasi,Bombay,11.90618212
Varanasi,Calcutta,6.02689634
Varanasi,Kanpur,2.912064521
Varanasi,Ranchi,3.038744185
Varanasi,Surat,82.37052408
Varanasi,Bhopal,5.978110892
Varanasi,Vijayawada,9.144500287
Patna,Amritsar,11.88948225
Patna,Imphal,8.850081202
Patna,Shillong,6.759084928
Patna,Bangalore,14.70828298
Patna,Nasik,12.64048632
Patna,Indore,9.695728706
Patna,Nagpur,7.509100401
Patna,Panjim,15.15924838
Patna,Pune,13.31278452
Patna,Hyderabad,10.59514028
Patna,Vishakapatnam,8.098116981
Patna,Shimla,9.6662418
Patna,Madurai,17.17833221
Patna,Calicut,17.13821181
Patna,Hubli,14.3152729
Patna,Baroda,12.38050303
Patna,Jullundur,11.1402687
Patna,Ludhiana,10.67966814
Patna,Agartala,6.410390694
Patna,Bhubaneshwar,5.396725537
Patna,Trivandrum,18.9731
Patna,Meerut,8.099475034
Patna,Chandigarh,9.78595813
Patna,Varanasi,2.13352145
Patna,Patna,0
Patna,Pondicherry,14.6638165
Patna,Agra,7.284023519
Patna,Jaipur,9.395771122
Patna,Lucknow,4.365430586
Patna,Gwalior,6.991475588
Patna,Madras,13.4330305
Patna,Coimbatore,16.73248818
Patna,Ahmedabad,12.80794956
Patna,Jabalpur,5.723858031
Patna,Jamshedpur,3.008145785
Patna,Kolhapur,14.06289286
Patna,Allahabad,3.294176056
Patna,Delhi,8.467067277
Patna,Asansol,2.668618702
Patna,Cochin,18.00641261
Patna,Bombay,13.87802755
Patna,Calcutta,4.440851483
Patna,Kanpur,4.876696157
Patna,Ranchi,2.248322673
Patna,Surat,84.35445197
Patna,Bhopal,8.071465885
Patna,Vijayawada,10.15457773
Pondicherry,Amritsar,20.31431564
Pondicherry,Imphal,19.09144489
Pondicherry,Shillong,18.20306917
Pondicherry,Bangalore,2.471319738
Pondicherry,Nasik,10.08600724
Pondicherry,Indore,11.4910984
Pondicherry,Nagpur,9.246110282
Pondicherry,Panjim,6.981257381
Pondicherry,Pune,8.894285436
Pondicherry,Hyderabad,5.593529319
Pondicherry,Vishakapatnam,6.742560064
Pondicherry,Shimla,19.35371869
Pondicherry,Madurai,2.641658686
Pondicherry,Calicut,4.11328959
Pondicherry,Hubli,5.805366819
Pondicherry,Baroda,12.30604525
Pondicherry,Jullundur,19.93313092
Pondicherry,Ludhiana,19.38767273
Pondicherry,Agartala,16.5131827
Pondicherry,Bhubaneshwar,10.26801014
Pondicherry,Trivandrum,4.492880408
Pondicherry,Meerut,17.1907606
Pondicherry,Chandigarh,19.04108114
Pondicherry,Varanasi,13.77301371
Pondicherry,Patna,14.6638165
Pondicherry,Pondicherry,0
Pondicherry,Agra,15.34957822
Pondicherry,Jaipur,15.50921694
Pondicherry,Lucknow,14.94487274
Pondicherry,Gwalior,14.36743868
Pondicherry,Madras,1.230797309
Pondicherry,Coimbatore,3.015521639
Pondicherry,Ahmedabad,13.24802787
Pondicherry,Jabalpur,11.22746899
Pondicherry,Jamshedpur,12.59794106
Pondicherry,Kolhapur,7.347833326
Pondicherry,Allahabad,13.6518362
Pondicherry,Delhi,16.91997446
Pondicherry,Asansol,13.75396883
Pondicherry,Cochin,4.087495398
Pondicherry,Bombay,9.968978588
Pondicherry,Calcutta,13.63804495
Pondicherry,Kanpur,14.53515596
Pondicherry,Ranchi,12.68740747
Pondicherry,Surat,83.78586976
Pondicherry,Bhopal,11.5819281
Pondicherry,Vijayawada,4.642050043
Agra,Amritsar,5.451468603
Agra,Imphal,16.10290182
Agra,Shillong,13.96458435
Agra,Bangalore,14.20466452
Agra,Nasik,8.314316691
Agra,Indore,4.942934351
Agra,Nagpur,6.120102029
Agra,Panjim,12.40245385
Agra,Pune,9.599779269
Agra,Hyderabad,9.825639936
Agra,Vishakapatnam,10.82844469
Agra,Shimla,4.017448335
Agra,Madurai,17.24945532
Agra,Calicut,16.08612926
Agra,Hubli,12.16719437
Agra,Baroda,6.854481941
Agra,Jullundur,4.869983057
Agra,Ludhiana,4.312639377
Agra,Agartala,13.68734681
Agra,Bhubaneshwar,10.44604508
Agra,Trivandrum,18.71719661
Agra,Meerut,1.841314531
Agra,Chandigarh,3.759969117
Agra,Varanasi,5.325625515
Agra,Patna,7.284023519
Agra,Pondicherry,15.34957822
Agra,Agra,0
Agra,Jaipur,2.206184549
Agra,Lucknow,2.944152715
Agra,Gwalior,0.982670815
Agra,Madras,14.27169848
Agra,Coimbatore,16.20729593
Agra,Ahmedabad,6.836573885
Agra,Jabalpur,4.458533499
Agra,Jamshedpur,9.287472162
Agra,Kolhapur,11.13009232
Agra,Allahabad,4.200054839
Agra,Delhi,1.673526773
Agra,Asansol,9.619533447
Agra,Cochin,17.33175376
Agra,Bombay,9.585950542
Agra,Calcutta,11.3309506
Agra,Kanpur,2.419785817
Agra,Ranchi,8.245730354
Agra,Surat,77.07327371
Agra,Bhopal,3.963652188
Agra,Vijayawada,10.98086695
Jaipur,Amritsar,4.812603194
Jaipur,Imphal,18.2406487
Jaipur,Shillong,16.11929134
Jaipur,Bangalore,14.05073487
Jaipur,Nasik,7.196104821
Jaipur,Indore,4.195384708
Jaipur,Nagpur,6.624975798
Jaipur,Panjim,11.58873518
Jaipur,Pune,8.62085272
Jaipur,Hyderabad,9.916902825
Jaipur,Vishakapatnam,11.84680447
Jaipur,Shimla,4.401482251
Jaipur,Madurai,17.14366682
Jaipur,Calicut,15.6704622
Jaipur,Hubli,11.58365485
Jaipur,Baroda,5.311913948
Jaipur,Jullundur,4.505753799
Jaipur,Ludhiana,3.993691315
Jaipur,Agartala,15.76797908
Jaipur,Bhubaneshwar,12.02917277
Jaipur,Trivandrum,18.46175797
Jaipur,Meerut,2.854400472
Jaipur,Chandigarh,3.93460096
Jaipur,Varanasi,7.36019346
Jaipur,Patna,9.395771122
Jaipur,Pondicherry,15.50921694
Jaipur,Agra,2.206184549
Jaipur,Jaipur,0
Jaipur,Lucknow,5.116203261
Jaipur,Gwalior,2.444297423
Jaipur,Madras,14.53034434
Jaipur,Coimbatore,15.95470306
Jaipur,Ahmedabad,5.06506106
Jaipur,Jabalpur,5.582128891
Jaipur,Jamshedpur,11.16921883
Jaipur,Kolhapur,10.33387799
Jaipur,Allahabad,6.193588737
Jaipur,Delhi,2.232238362
Jaipur,Asansol,11.61340735
Jaipur,Cochin,16.99006853
Jaipur,Bombay,8.370515856
Jaipur,Calcutta,13.27532656
Jaipur,Kanpur,4.525661493
Jaipur,Ranchi,10.14569042
Jaipur,Surat,75.01570792
Jaipur,Bhopal,3.984890913
Jaipur,Vijayawada,11.46014214
Lucknow,Amritsar,7.729060814
Lucknow,Imphal,13.16075017
Lucknow,Shillong,11.02043164
Lucknow,Bangalore,14.25908891
Lucknow,Nasik,9.881692554
Lucknow,Indore,6.528719902
Lucknow,Nagpur,5.982351174
Lucknow,Panjim,13.38192935
Lucknow,Pune,10.92224796
Lucknow,Hyderabad,9.791703935
Lucknow,Vishakapatnam,9.416002059
Lucknow,Shimla,5.688944936
Lucknow,Madurai,17.14556668
Lucknow,Calicut,16.424361
Lucknow,Hubli,12.86603934
Lucknow,Baroda,8.973942926
Lucknow,Jullundur,7.017384714
Lucknow,Ludhiana,6.512237287
Lucknow,Agartala,10.77579757
Lucknow,Bhubaneshwar,8.205185759
Lucknow,Trivandrum,18.77803
Lucknow,Meerut,3.834389265
Lucknow,Chandigarh,5.689634694
Lucknow,Varanasi,2.560235996
Lucknow,Patna,4.365430586
Lucknow,Pondicherry,14.94487274
Lucknow,Agra,2.944152715
Lucknow,Jaipur,5.116203261
Lucknow,Lucknow,0
Lucknow,Gwalior,2.848767987
Lucknow,Madras,13.77044419
Lucknow,Coimbatore,16.32675387
Lucknow,Ahmedabad,9.185299812
Lucknow,Jabalpur,3.806801199
Lucknow,Jamshedpur,6.636985524
Lucknow,Kolhapur,12.14635775
Lucknow,Allahabad,1.663874034
Lucknow,Delhi,4.131956371
Lucknow,Asansol,6.812556181
Lucknow,Cochin,17.53916319
Lucknow,Bombay,11.18555593
Lucknow,Calcutta,8.566685216
Lucknow,Kanpur,0.719613865
Lucknow,Ranchi,5.594937105
Lucknow,Surat,79.99307035
Lucknow,Bhopal,5.029212634
Lucknow,Vijayawada,10.33417663
Gwalior,Amritsar,6.346165681
Gwalior,Imphal,15.84147286
Gwalior,Shillong,13.73951046
Gwalior,Bangalore,13.23909037
Gwalior,Nasik,7.577504
Gwalior,Indore,4.16822344
Gwalior,Nagpur,5.137808502
Gwalior,Panjim,11.54698121
Gwalior,Pune,8.805265803
Gwalior,Hyderabad,8.848804832
Gwalior,Vishakapatnam,9.914303699
Gwalior,Shimla,4.998715699
Gwalior,Madurai,16.2776669
Gwalior,Calicut,15.14711791
Gwalior,Hubli,11.26410639
Gwalior,Baroda,6.316048223
Gwalior,Jullundur,5.799129467
Gwalior,Ludhiana,5.239876036
Gwalior,Agartala,13.33772193
Gwalior,Bhubaneshwar,9.712818127
Gwalior,Trivandrum,17.75675967
Gwalior,Meerut,2.823868039
Gwalior,Chandigarh,4.729849971
Gwalior,Varanasi,4.927335933
Gwalior,Patna,6.991475588
Gwalior,Pondicherry,14.36743868
Gwalior,Agra,0.982670815
Gwalior,Jaipur,2.444297423
Gwalior,Lucknow,2.848767987
Gwalior,Gwalior,0
Gwalior,Madras,13.2890643
Gwalior,Coimbatore,15.24877187
Gwalior,Ahmedabad,6.421527279
Gwalior,Jabalpur,3.531507351
Gwalior,Jamshedpur,8.735364985
Gwalior,Kolhapur,10.27659203
Gwalior,Allahabad,3.755306792
Gwalior,Delhi,2.620627459
Gwalior,Asansol,9.169403327
Gwalior,Cochin,16.3818025
Gwalior,Bombay,8.867806809
Gwalior,Calcutta,10.83316969
Gwalior,Kanpur,2.179622932
Gwalior,Ranchi,7.707482698
Gwalior,Surat,77.45819824
Gwalior,Bhopal,3.040562834
Gwalior,Vijayawada,10.0024804
Madras,Amritsar,19.31961657
Madras,Imphal,18.00049083
Madras,Shillong,17.05594669
Madras,Bangalore,2.682235099
Madras,Nasik,9.485818135
Madras,Indore,10.59447255
Madras,Nagpur,8.153155072
Madras,Panjim,6.879874958
Madras,Pune,8.410146726
Madras,Hyderabad,4.638738582
Madras,Vishakapatnam,5.53434317
Madras,Shimla,18.28502266
Madras,Madurai,3.823482285
Madras,Calicut,4.856238009
Madras,Hubli,5.611057468
Madras,Baroda,11.61721027
Madras,Jullundur,18.91436337
Madras,Ludhiana,18.36480304
Madras,Agartala,15.38759763
Madras,Bhubaneshwar,9.084071132
Madras,Trivandrum,5.670821998
Madras,Meerut,16.1123978
Madras,Chandigarh,17.98719235
Madras,Varanasi,12.55404323
Madras,Patna,13.4330305
Madras,Pondicherry,1.230797309
Madras,Agra,14.27169848
Madras,Jaipur,14.53034434
Madras,Lucknow,13.77044419
Madras,Gwalior,13.2890643
Madras,Madras,0
Madras,Coimbatore,3.908037276
Madras,Ahmedabad,12.56606227
Madras,Jabalpur,10.0822926
Madras,Jamshedpur,11.38568904
Madras,Kolhapur,7.032420898
Madras,Allahabad,12.45299107
Madras,Delhi,15.86364331
Madras,Asansol,12.54523037
Madras,Cochin,5.095068572
Madras,Bombay,9.517355344
Madras,Calcutta,12.47191316
Madras,Kanpur,13.37731901
Madras,Ranchi,11.4612678
Madras,Surat,83.73002931
Madras,Bhopal,10.57132642
Madras,Vijayawada,3.442731176
Coimbatore,Amritsar,20.73799723
Coimbatore,Imphal,21.87392726
Coimbatore,Shillong,20.85678048
Coimbatore,Bangalore,2.072192965
Coimbatore,Nasik,9.551720604
Coimbatore,Indore,11.76956497
Coimbatore,Nagpur,10.36691886
Coimbatore,Panjim,5.48183829
Coimbatore,Pune,8.136750626
Coimbatore,Hyderabad,6.535888123
Coimbatore,Vishakapatnam,9.229742577
Coimbatore,Shimla,20.10341851
Coimbatore,Madurai,1.575599007
Coimbatore,Calicut,1.212030298
Coimbatore,Hubli,4.717291006
Coimbatore,Baroda,11.90758666
Coimbatore,Jullundur,20.45919142
Coimbatore,Ludhiana,19.93819542
Coimbatore,Agartala,19.22611222
Coimbatore,Bhubaneshwar,12.82629099
Coimbatore,Trivandrum,2.513631313
Coimbatore,Meerut,18.01685117
Coimbatore,Chandigarh,19.72884175
Coimbatore,Varanasi,15.55629604
Coimbatore,Patna,16.73248818
Coimbatore,Pondicherry,3.015521639
Coimbatore,Agra,16.20729593
Coimbatore,Jaipur,15.95470306
Coimbatore,Lucknow,16.32675387
Coimbatore,Gwalior,15.24877187
Coimbatore,Madras,3.908037276
Coimbatore,Coimbatore,0
Coimbatore,Ahmedabad,12.79405199
Coimbatore,Jabalpur,12.52058383
Coimbatore,Jamshedpur,14.98708908
Coimbatore,Kolhapur,6.317650608
Coimbatore,Allahabad,15.2359289
Coimbatore,Delhi,17.65180793
Coimbatore,Asansol,16.16025252
Coimbatore,Cochin,1.276557519
Coimbatore,Bombay,9.050863277
Coimbatore,Calcutta,16.24402998
Coimbatore,Kanpur,15.81980257
Coimbatore,Ranchi,14.92982422
Coimbatore,Surat,81.56813134
Coimbatore,Bhopal,12.2645388
Coimbatore,Vijayawada,6.60986934
Ahmedabad,Amritsar,8.912947988
Ahmedabad,Imphal,21.4305766
Ahmedabad,Shillong,19.47110628
Ahmedabad,Bangalore,11.22508233
Ahmedabad,Nasik,3.244649038
Ahmedabad,Indore,3.302263437
Ahmedabad,Nagpur,6.766403335
Ahmedabad,Panjim,7.625530838
Ahmedabad,Pune,4.677258055
Ahmedabad,Hyderabad,8.172559573
Ahmedabad,Vishakapatnam,11.95006277
Ahmedabad,Shimla,9.295536359
Ahmedabad,Madurai,14.2169558
Ahmedabad,Calicut,12.20247788
Ahmedabad,Hubli,8.085196572
Ahmedabad,Baroda,0.949892613
Ahmedabad,Jullundur,8.927478792
Ahmedabad,Ludhiana,8.53910081
Ahmedabad,Agartala,18.72019065
Ahmedabad,Bhubaneshwar,13.54421553
Ahmedabad,Trivandrum,15.1755624
Ahmedabad,Meerut,7.916409846
Ahmedabad,Chandigarh,8.780316856
Ahmedabad,Varanasi,10.68158596
Ahmedabad,Patna,12.80794956
Ahmedabad,Pondicherry,13.24802787
Ahmedabad,Agra,6.836573885
Ahmedabad,Jaipur,5.06506106
Ahmedabad,Lucknow,9.185299812
Ahmedabad,Gwalior,6.421527279
Ahmedabad,Madras,12.56606227
Ahmedabad,Coimbatore,12.79405199
Ahmedabad,Ahmedabad,0
Ahmedabad,Jabalpur,7.371379155
Ahmedabad,Jamshedpur,13.62502905
Ahmedabad,Kolhapur,6.533403162
Ahmedabad,Allahabad,9.564400315
Ahmedabad,Delhi,7.297141659
Ahmedabad,Asansol,14.41032749
Ahmedabad,Cochin,13.59983637
Ahmedabad,Bombay,3.954358797
Ahmedabad,Calcutta,15.7905582
Ahmedabad,Kanpur,8.4716045
Ahmedabad,Ranchi,12.75009357
Ahmedabad,Surat,73.01402212
Ahmedabad,Bhopal,4.828095813
Ahmedabad,Vijayawada,10.34600277
Jabalpur,Amritsar,9.877522827
Jabalpur,Imphal,14.08228525
Jabalpur,Shillong,12.17471424
Jabalpur,Bangalore,10.4539
Jabalpur,Nasik,6.918101506
Jabalpur,Indore,4.105275531
Jabalpur,Nagpur,2.190290621
Jabalpur,Panjim,9.807045857
Jabalpur,Pune,7.660125408
Jabalpur,Hyderabad,5.985085842
Jabalpur,Vishakapatnam,6.383180592
Jabalpur,Shimla,8.415288159
Jabalpur,Madurai,13.36147646
Jabalpur,Calicut,12.62584508
Jabalpur,Hubli,9.172493355
Jabalpur,Baroda,6.810486941
Jabalpur,Jullundur,9.323817591
Jabalpur,Ludhiana,8.76518019
Jabalpur,Agartala,11.3524206
Jabalpur,Bhubaneshwar,6.565197496
Jabalpur,Trivandrum,14.97666451
Jabalpur,Meerut,6.233931772
Jabalpur,Chandigarh,8.204278459
Jabalpur,Varanasi,3.752340907
Jabalpur,Patna,5.723858031
Jabalpur,Pondicherry,11.22746899
Jabalpur,Agra,4.458533499
Jabalpur,Jaipur,5.582128891
Jabalpur,Lucknow,3.806801199
Jabalpur,Gwalior,3.531507351
Jabalpur,Madras,10.0822926
Jabalpur,Coimbatore,12.52058383
Jabalpur,Ahmedabad,7.371379155
Jabalpur,Jabalpur,0
Jabalpur,Jamshedpur,6.263505917
Jabalpur,Kolhapur,8.619851155
Jabalpur,Allahabad,2.955566916
Jabalpur,Delhi,6.13108574
Jabalpur,Asansol,7.044571148
Jabalpur,Cochin,13.73250489
Jabalpur,Bombay,8.165354581
Jabalpur,Calcutta,8.434647207
Jabalpur,Kanpur,3.320919382
Jabalpur,Ranchi,5.379336186
Jabalpur,Surat,80.00532478
Jabalpur,Bhopal,2.549649627
Jabalpur,Vijayawada,6.685664956
Jamshedpur,Amritsar,14.3656091
Jamshedpur,Imphal,7.987312924
Jamshedpur,Shillong,6.32103701
Jamshedpur,Bangalore,13.06548385
Jamshedpur,Nasik,12.72247116
Jamshedpur,Indore,10.33507696
Jamshedpur,Nagpur,7.309950908
Jamshedpur,Panjim,14.36875612
Jamshedpur,Pune,13.06922831
Jamshedpur,Hyderabad,9.451960975
Jamshedpur,Vishakapatnam,5.855896637
Jamshedpur,Shimla,12.26827091
Jamshedpur,Madurai,15.20544904
Jamshedpur,Calicut,15.56548494
Jamshedpur,Hubli,13.33909238
Jamshedpur,Baroda,13.0184688
Jamshedpur,Jullundur,13.64882131
Jamshedpur,Ludhiana,13.14846325
Jamshedpur,Agartala,5.182747339
Jamshedpur,Bhubaneshwar,2.567089948
Jamshedpur,Trivandrum,17.04502581
Jamshedpur,Meerut,10.46775561
Jamshedpur,Chandigarh,12.31147245
Jamshedpur,Varanasi,4.078227414
Jamshedpur,Patna,3.008145785
Jamshedpur,Pondicherry,12.59794106
Jamshedpur,Agra,9.287472162
Jamshedpur,Jaipur,11.16921883
Jamshedpur,Lucknow,6.636985524
Jamshedpur,Gwalior,8.735364985
Jamshedpur,Madras,11.38568904
Jamshedpur,Coimbatore,14.98708908
Jamshedpur,Ahmedabad,13.62502905
Jamshedpur,Jabalpur,6.263505917
Jamshedpur,Jamshedpur,0
Jamshedpur,Kolhapur,13.42734105
Jamshedpur,Allahabad,5.10306309
Jamshedpur,Delhi,10.71837326
Jamshedpur,Asansol,1.174660686
Jamshedpur,Cochin,16.25907076
Jamshedpur,Bombay,13.83511295
Jamshedpur,Calcutta,2.173007547
Jamshedpur,Kanpur,6.926735742
Jamshedpur,Ranchi,1.045929863
Jamshedpur,Surat,86.11402074
Jamshedpur,Bhopal,8.812824279
Jamshedpur,Vijayawada,8.413375934
Kolhapur,Amritsar,14.94488486
Kolhapur,Imphal,21.29503464
Kolhapur,Shillong,19.7477527
Kolhapur,Bangalore,5.01028042
Kolhapur,Nasik,3.33890988
Kolhapur,Indore,6.233766971
Kolhapur,Nagpur,6.573880422
Kolhapur,Panjim,1.272498892
Kolhapur,Pune,1.859116669
Kolhapur,Hyderabad,4.284319652
Kolhapur,Vishakapatnam,9.106715902
Kolhapur,Shimla,14.6964366
Kolhapur,Madurai,7.805672478
Kolhapur,Calicut,5.669520111
Kolhapur,Hubli,1.62192173
Kolhapur,Baroda,5.691469233
Kolhapur,Jullundur,14.77803826
Kolhapur,Ludhiana,14.2972352
Kolhapur,Agartala,18.47264629
Kolhapur,Bhubaneshwar,12.13220566
Kolhapur,Trivandrum,8.649152466
Kolhapur,Meerut,12.79377982
Kolhapur,Chandigarh,14.25576277
Kolhapur,Varanasi,12.30395667
Kolhapur,Patna,14.06289286
Kolhapur,Pondicherry,7.347833326
Kolhapur,Agra,11.13009232
Kolhapur,Jaipur,10.33387799
Kolhapur,Lucknow,12.14635775
Kolhapur,Gwalior,10.27659203
Kolhapur,Madras,7.032420898
Kolhapur,Coimbatore,6.317650608
Kolhapur,Ahmedabad,6.533403162
Kolhapur,Jabalpur,8.619851155
Kolhapur,Jamshedpur,13.42734105
Kolhapur,Kolhapur,0
Kolhapur,Allahabad,11.57423806
Kolhapur,Delhi,12.31521145
Kolhapur,Asansol,14.52371322
Kolhapur,Cochin,7.068373735
Kolhapur,Bombay,2.738610112
Kolhapur,Calcutta,15.2945707
Kolhapur,Kanpur,11.49788169
Kolhapur,Ranchi,12.93514373
Kolhapur,Surat,76.76988564
Kolhapur,Bhopal,7.278137089
Kolhapur,Vijayawada,6.380929595
Allahabad,Amritsar,9.318579137
Allahabad,Imphal,12.11949948
Allahabad,Shillong,10.04967406
Allahabad,Bangalore,13.16412005
Allahabad,Nasik,9.703091222
Allahabad,Indore,6.555506103
Allahabad,Nagpur,5.095268489
Allahabad,Panjim,12.76228154
Allahabad,Pune,10.5598645
Allahabad,Hyderabad,8.748400958
Allahabad,Vishakapatnam,7.852863263
Allahabad,Shimla,7.337967775
Allahabad,Madurai,15.9517645
Allahabad,Calicut,15.43200279
Allahabad,Hubli,12.10649587
Allahabad,Baroda,9.192738559
Allahabad,Jullundur,8.62529137
Allahabad,Ludhiana,8.10662069
Allahabad,Agartala,9.584247376
Allahabad,Bhubaneshwar,6.546388898
Allahabad,Trivandrum,17.6401435
Allahabad,Meerut,5.405593318
Allahabad,Chandigarh,7.314454752
Allahabad,Varanasi,1.178293763
Allahabad,Patna,3.294176056
Allahabad,Pondicherry,13.6518362
Allahabad,Agra,4.200054839
Allahabad,Jaipur,6.193588737
Allahabad,Lucknow,1.663874034
Allahabad,Gwalior,3.755306792
Allahabad,Madras,12.45299107
Allahabad,Coimbatore,15.2359289
Allahabad,Ahmedabad,9.564400315
Allahabad,Jabalpur,2.955566916
Allahabad,Jamshedpur,5.10306309
Allahabad,Kolhapur,11.57423806
Allahabad,Allahabad,0
Allahabad,Delhi,5.621068724
Allahabad,Asansol,5.430877073
Allahabad,Cochin,16.47562435
Allahabad,Bombay,10.98396708
Allahabad,Calcutta,7.1311154
Allahabad,Kanpur,1.825474125
Allahabad,Ranchi,4.057794902
Allahabad,Surat,81.20860609
Allahabad,Bhopal,4.93880586
Allahabad,Vijayawada,9.011692831
Delhi,Amritsar,3.796073118
Delhi,Imphal,17.15275934
Delhi,Shillong,14.97974123
Delhi,Bangalore,15.67924673
Delhi,Nasik,9.297005344
Delhi,Indore,6.083880028
Delhi,Nagpur,7.729075245
Delhi,Panjim,13.58350083
Delhi,Pune,10.67533253
Delhi,Hyderabad,11.36034332
Delhi,Vishakapatnam,12.50170458
Delhi,Shimla,2.452964323
Delhi,Madurai,18.7468434
Delhi,Calicut,17.46665822
Delhi,Hubli,13.46215704
Delhi,Baroda,7.523341559
Delhi,Jullundur,3.197161496
Delhi,Ludhiana,2.640685422
Delhi,Agartala,14.86381829
Delhi,Bhubaneshwar,12.02819557
Delhi,Trivandrum,20.16535797
Delhi,Meerut,0.648219232
Delhi,Chandigarh,2.12373989
Delhi,Varanasi,6.668622424
Delhi,Patna,8.467067277
Delhi,Pondicherry,16.91997446
Delhi,Agra,1.673526773
Delhi,Jaipur,2.232238362
Delhi,Lucknow,4.131956371
Delhi,Gwalior,2.620627459
Delhi,Madras,15.86364331
Delhi,Coimbatore,17.65180793
Delhi,Ahmedabad,7.297141659
Delhi,Jabalpur,6.13108574
Delhi,Jamshedpur,10.71837326
Delhi,Kolhapur,12.31521145
Delhi,Allahabad,5.621068724
Delhi,Delhi,0
Delhi,Asansol,10.94361368
Delhi,Cochin,18.7447289
Delhi,Bombay,10.51255967
Delhi,Calcutta,12.69242614
Delhi,Kanpur,3.79585399
Delhi,Ranchi,9.672447554
Delhi,Surat,75.95978923
Delhi,Bhopal,5.396236703
Delhi,Vijayawada,12.60905054
Asansol,Amritsar,14.47727054
Asansol,Imphal,7.050031156
Asansol,Shillong,5.2588195
Asansol,Bangalore,14.24013972
Asansol,Nasik,13.68726055
Asansol,Indore,11.14845614
Asansol,Nagpur,8.290425665
Asansol,Panjim,15.48788436
Asansol,Pune,14.10050505
Asansol,Hyderabad,10.59647457
Asansol,Vishakapatnam,7.011770883
Asansol,Shimla,12.29326986
Asansol,Madurai,16.36688877
Asansol,Calicut,16.73998192
Asansol,Hubli,14.4770142
Asansol,Baroda,13.85030925
Asansol,Jullundur,13.73862156
Asansol,Ludhiana,13.2619022
Asansol,Agartala,4.310133177
Asansol,Bhubaneshwar,3.609969597
Asansol,Trivandrum,18.20850189
Asansol,Meerut,10.62976375
Asansol,Chandigarh,12.38734757
Asansol,Varanasi,4.295921236
Asansol,Patna,2.668618702
Asansol,Pondicherry,13.75396883
Asansol,Agra,9.619533447
Asansol,Jaipur,11.61340735
Asansol,Lucknow,6.812556181
Asansol,Gwalior,9.169403327
Asansol,Madras,12.54523037
Asansol,Coimbatore,16.16025252
Asansol,Ahmedabad,14.41032749
Asansol,Jabalpur,7.044571148
Asansol,Jamshedpur,1.174660686
Asansol,Kolhapur,14.52371322
Asansol,Allahabad,5.430877073
Asansol,Delhi,10.94361368
Asansol,Asansol,0
Asansol,Cochin,17.43180221
Asansol,Bombay,14.83070722
Asansol,Calcutta,1.780998395
Asansol,Kanpur,7.207978472
Asansol,Ranchi,1.679817138
Asansol,Surat,86.62589452
Asansol,Bhopal,9.582261782
Asansol,Vijayawada,9.587994337
Cochin,Amritsar,21.74770606
Cochin,Imphal,23.09212597
Cochin,Shillong,22.10406269
Cochin,Bangalore,3.320306347
Cochin,Nasik,10.37986451
Cochin,Indore,12.79528287
Cochin,Nagpur,11.56620391
Cochin,Panjim,6.078554785
Cochin,Pune,8.922585677
Cochin,Hyderabad,7.750065177
Cochin,Vishakapatnam,10.48832318
Cochin,Shimla,21.1921157
Cochin,Madurai,1.846692001
Cochin,Calicut,1.402832924
Cochin,Hubli,5.536944349
Cochin,Baroda,12.74215063
Cochin,Jullundur,21.49521162
Cochin,Ludhiana,20.98182834
Cochin,Agartala,20.46111739
Cochin,Bhubaneshwar,14.0823266
Cochin,Trivandrum,1.595327716
Cochin,Meerut,19.12831272
Cochin,Chandigarh,20.80495397
Cochin,Varanasi,16.81440546
Cochin,Patna,18.00641261
Cochin,Pondicherry,4.087495398
Cochin,Agra,17.33175376
Cochin,Jaipur,16.99006853
Cochin,Lucknow,17.53916319
Cochin,Gwalior,16.3818025
Cochin,Madras,5.095068572
Cochin,Coimbatore,1.276557519
Cochin,Ahmedabad,13.59983637
Cochin,Jabalpur,13.73250489
Cochin,Jamshedpur,16.25907076
Cochin,Kolhapur,7.068373735
Cochin,Allahabad,16.47562435
Cochin,Delhi,18.7447289
Cochin,Asansol,17.43180221
Cochin,Cochin,0
Cochin,Bombay,9.754941213
Cochin,Calcutta,17.49653186
Cochin,Kanpur,17.01956442
Cochin,Ranchi,16.20618282
Cochin,Surat,81.40805983
Cochin,Bhopal,13.37538511
Cochin,Vijayawada,7.8863742
Bombay,Amritsar,12.71334814
Bombay,Imphal,21.82144579
Bombay,Shillong,20.0843945
Bombay,Bangalore,7.709307979
Bombay,Nasik,1.304525945
Bombay,Indore,4.712013216
Bombay,Nagpur,6.54051026
Bombay,Panjim,3.703478658
Bombay,Pune,1.124054443
Bombay,Hyderabad,5.853657442
Bombay,Vishakapatnam,10.4999885
Bombay,Shimla,12.76884259
Bombay,Madurai,10.54428061
Bombay,Calicut,8.352118079
Bombay,Hubli,4.358334901
Bombay,Baroda,3.234251309
Bombay,Jullundur,12.63837747
Bombay,Ludhiana,12.19841346
Bombay,Agartala,19.0079691
Bombay,Bhubaneshwar,13.01503801
Bombay,Trivandrum,11.3452482
Bombay,Meerut,11.06168306
Bombay,Chandigarh,12.28858674
Bombay,Varanasi,11.90618212
Bombay,Patna,13.87802755
Bombay,Pondicherry,9.968978588
Bombay,Agra,9.585950542
Bombay,Jaipur,8.370515856
Bombay,Lucknow,11.18555593
Bombay,Gwalior,8.867806809
Bombay,Madras,9.517355344
Bombay,Coimbatore,9.050863277
Bombay,Ahmedabad,3.954358797
Bombay,Jabalpur,8.165354581
Bombay,Jamshedpur,13.83511295
Bombay,Kolhapur,2.738610112
Bombay,Allahabad,10.98396708
Bombay,Delhi,10.51255967
Bombay,Asansol,14.83070722
Bombay,Cochin,9.754941213
Bombay,Bombay,0
Bombay,Calcutta,15.8750118
Bombay,Kanpur,10.48361999
Bombay,Ranchi,13.16591836
Bombay,Surat,74.62433447
Bombay,Bhopal,6.159284656
Bombay,Vijayawada,8.155769503
Calcutta,Amritsar,16.25111737
Calcutta,Imphal,6.000873424
Calcutta,Shillong,4.626134431
Calcutta,Bangalore,14.42760007
Calcutta,Nasik,14.79702769
Calcutta,Indore,12.49655466
Calcutta,Nagpur,9.390251301
Calcutta,Panjim,16.16547379
Calcutta,Pune,15.06439723
Calcutta,Hyderabad,11.17919299
Calcutta,Vishakapatnam,7.019780276
Calcutta,Shimla,14.07364058
Calcutta,Madurai,16.27861971
Calcutta,Calicut,16.93466738
Calcutta,Hubli,15.0686693
Calcutta,Baroda,15.17212374
Calcutta,Jullundur,15.51475813
Calcutta,Ludhiana,15.03501861
Calcutta,Agartala,3.178306565
Calcutta,Bhubaneshwar,3.423423155
Calcutta,Trivandrum,18.1302016
Calcutta,Meerut,12.39301365
Calcutta,Chandigarh,14.16438249
Calcutta,Varanasi,6.02689634
Calcutta,Patna,4.440851483
Calcutta,Pondicherry,13.63804495
Calcutta,Agra,11.3309506
Calcutta,Jaipur,13.27532656
Calcutta,Lucknow,8.566685216
Calcutta,Gwalior,10.83316969
Calcutta,Madras,12.47191316
Calcutta,Coimbatore,16.24402998
Calcutta,Ahmedabad,15.7905582
Calcutta,Jabalpur,8.434647207
Calcutta,Jamshedpur,2.173007547
Calcutta,Kolhapur,15.2945707
Calcutta,Allahabad,7.1311154
Calcutta,Delhi,12.69242614
Calcutta,Asansol,1.780998395
Calcutta,Cochin,17.49653186
Calcutta,Bombay,15.8750118
Calcutta,Calcutta,0
Calcutta,Kanpur,8.932757533
Calcutta,Ranchi,3.141715601
Calcutta,Surat,88.25770903
Calcutta,Bhopal,10.98332496
Calcutta,Vijayawada,9.836758914
Kanpur,Amritsar,7.513027981
Kanpur,Imphal,13.71572697
Kanpur,Shillong,11.59458417
Kanpur,Bangalore,13.75803575
Kanpur,Nasik,9.179268837
Kanpur,Indore,5.816005336
Kanpur,Nagpur,5.453865445
Kanpur,Panjim,12.7408708
Kanpur,Pune,10.24018848
Kanpur,Hyderabad,9.286005172
Kanpur,Vishakapatnam,9.229772613
Kanpur,Shimla,5.611338622
Kanpur,Madurai,16.6815262
Kanpur,Calicut,15.88052433
Kanpur,Hubli,12.25899979
Kanpur,Baroda,8.254504547
Kanpur,Jullundur,6.833548244
Kanpur,Ludhiana,6.306181407
Kanpur,Agartala,11.27166616
Kanpur,Bhubaneshwar,8.300156129
Kanpur,Trivandrum,18.28668229
Kanpur,Meerut,3.601498319
Kanpur,Chandigarh,5.544228877
Kanpur,Varanasi,2.912064521
Kanpur,Patna,4.876696157
Kanpur,Pondicherry,14.53515596
Kanpur,Agra,2.419785817
Kanpur,Jaipur,4.525661493
Kanpur,Lucknow,0.719613865
Kanpur,Gwalior,2.179622932
Kanpur,Madras,13.37731901
Kanpur,Coimbatore,15.81980257
Kanpur,Ahmedabad,8.4716045
Kanpur,Jabalpur,3.320919382
Kanpur,Jamshedpur,6.926735742
Kanpur,Kolhapur,11.49788169
Kanpur,Allahabad,1.825474125
Kanpur,Delhi,3.79585399
Kanpur,Asansol,7.207978472
Kanpur,Cochin,17.01956442
Kanpur,Bombay,10.48361999
Kanpur,Calcutta,8.932757533
Kanpur,Kanpur,0
Kanpur,Ranchi,5.881007253
Kanpur,Surat,79.48967013
Kanpur,Bhopal,4.333658904
Kanpur,Vijayawada,9.956578155
Ranchi,Amritsar,13.32399667
Ranchi,Imphal,8.729174932
Ranchi,Shillong,6.918603925
Ranchi,Bangalore,12.9556681
Ranchi,Nasik,12.0138761
Ranchi,Indore,9.479129755
Ranchi,Nagpur,6.626031164
Ranchi,Panjim,13.93307183
Ranchi,Pune,12.45325047
Ranchi,Hyderabad,9.11315061
Ranchi,Vishakapatnam,6.003940311
Ranchi,Shimla,11.23855554
Ranchi,Madurai,15.25572169
Ranchi,Calicut,15.43404414
Ranchi,Hubli,12.96409641
Ranchi,Baroda,12.17812113
Ranchi,Jullundur,12.60954101
Ranchi,Ludhiana,12.10710635
Ranchi,Agartala,5.975168147
Ranchi,Bhubaneshwar,3.152013518
Ranchi,Trivandrum,17.07779166
Ranchi,Meerut,9.423855926
Ranchi,Chandigarh,11.27445871
Ranchi,Varanasi,3.038744185
Ranchi,Patna,2.248322673
Ranchi,Pondicherry,12.68740747
Ranchi,Agra,8.245730354
Ranchi,Jaipur,10.14569042
Ranchi,Lucknow,5.594937105
Ranchi,Gwalior,7.707482698
Ranchi,Madras,11.4612678
Ranchi,Coimbatore,14.92982422
Ranchi,Ahmedabad,12.75009357
Ranchi,Jabalpur,5.379336186
Ranchi,Jamshedpur,1.045929863
Ranchi,Kolhapur,12.93514373
Ranchi,Allahabad,4.057794902
Ranchi,Delhi,9.672447554
Ranchi,Asansol,1.679817138
Ranchi,Cochin,16.20618282
Ranchi,Bombay,13.16591836
Ranchi,Calcutta,3.141715601
Ranchi,Kanpur,5.881007253
Ranchi,Ranchi,0
Ranchi,Surat,85.11620242
Ranchi,Bhopal,7.92383513
Ranchi,Vijayawada,8.320380494
Surat,Amritsar,73.0328444
Surat,Imphal,93.11248352
Surat,Shillong,90.93628002
Surat,Bangalore,81.3149477
Surat,Nasik,75.1491138
Surat,Indore,76.234545
Surat,Nagpur,79.7757227
Surat,Panjim,76.85757944
Surat,Pune,75.73589261
Surat,Hyderabad,80.46457368
Surat,Vishakapatnam,84.8631713
Surat,Shimla,75.38951273
Surat,Madurai,83.07055513
Surat,Calicut,80.39151996
Surat,Hubli,78.11947289
Surat,Baroda,73.826512
Surat,Jullundur,73.80410056
Surat,Ludhiana,74.13570196
Surat,Agartala,90.76061583
Surat,Bhubaneshwar,86.48411442
Surat,Trivandrum,82.66230004
Surat,Meerut,76.41374518
Surat,Chandigarh,75.08520681
Surat,Varanasi,82.37052408
Surat,Patna,84.35445197
Surat,Pondicherry,83.78586976
Surat,Agra,77.07327371
Surat,Jaipur,75.01570792
Surat,Lucknow,79.99307035
Surat,Gwalior,77.45819824
Surat,Madras,83.73002931
Surat,Coimbatore,81.56813134
Surat,Ahmedabad,73.01402212
Surat,Jabalpur,80.00532478
Surat,Jamshedpur,86.11402074
Surat,Kolhapur,76.76988564
Surat,Allahabad,81.20860609
Surat,Delhi,75.95978923
Surat,Asansol,86.62589452
Surat,Cochin,81.40805983
Surat,Bombay,74.62433447
Surat,Calcutta,88.25770903
Surat,Kanpur,79.48967013
Surat,Ranchi,85.11620242
Surat,Surat,0
Surat,Bhopal,77.537768
Surat,Vijayawada,82.77175967
Bhopal,Amritsar,8.749100336
Bhopal,Imphal,16.60607344
Bhopal,Shillong,14.66482509
Bhopal,Bangalore,10.28341244
Bhopal,Nasik,4.85688303
Bhopal,Indore,1.625449929
Bhopal,Nagpur,2.696131052
Bhopal,Panjim,8.542925094
Bhopal,Pune,5.918168595
Bhopal,Hyderabad,5.994541225
Bhopal,Vishakapatnam,8.082589073
Bhopal,Shimla,7.849067304
Bhopal,Madurai,13.35137447
Bhopal,Calicut,12.12303827
Bhopal,Hubli,8.224402473
Bhopal,Baroda,4.316116514
Bhopal,Jullundur,8.351245223
Bhopal,Ludhiana,7.806043315
Bhopal,Agartala,13.89220492
Bhopal,Bhubaneshwar,8.954324243
Bhopal,Trivandrum,14.77724822
Bhopal,Meerut,5.753834521
Bhopal,Chandigarh,7.496860975
Bhopal,Varanasi,5.978110892
Bhopal,Patna,8.071465885
Bhopal,Pondicherry,11.5819281
Bhopal,Agra,3.963652188
Bhopal,Jaipur,3.984890913
Bhopal,Lucknow,5.029212634
Bhopal,Gwalior,3.040562834
Bhopal,Madras,10.57132642
Bhopal,Coimbatore,12.2645388
Bhopal,Ahmedabad,4.828095813
Bhopal,Jabalpur,2.549649627
Bhopal,Jamshedpur,8.812824279
Bhopal,Kolhapur,7.278137089
Bhopal,Allahabad,4.93880586
Bhopal,Delhi,5.396236703
Bhopal,Asansol,9.582261782
Bhopal,Cochin,13.37538511
Bhopal,Bombay,6.159284656
Bhopal,Calcutta,10.98332496
Bhopal,Kanpur,4.333658904
Bhopal,Ranchi,7.92383513
Bhopal,Surat,77.537768
Bhopal,Bhopal,0
Bhopal,Vijayawada,7.476952892
Vijayawada,Amritsar,16.17978188
Vijayawada,Imphal,15.68748973
Vijayawada,Shillong,14.46007527
Vijayawada,Bangalore,4.652542759
Vijayawada,Nasik,7.674161295
Vijayawada,Indore,7.819812186
Vijayawada,Nagpur,4.888771052
Vijayawada,Panjim,6.864965001
Vijayawada,Pune,7.057144822
Vijayawada,Hyderabad,2.307439298
Vijayawada,Vishakapatnam,2.93395378
Vijayawada,Shimla,14.99703436
Vijayawada,Madurai,7.042959022
Vijayawada,Calicut,7.152733047
Vijayawada,Hubli,5.601305598
Vijayawada,Baroda,9.414186952
Vijayawada,Jullundur,15.72463571
Vijayawada,Ludhiana,15.1687451
Vijayawada,Agartala,12.93587508
Vijayawada,Bhubaneshwar,6.429017825
Vijayawada,Trivandrum,8.820707081
Vijayawada,Meerut,12.81294341
Vijayawada,Chandigarh,14.72893818
Vijayawada,Varanasi,9.144500287
Vijayawada,Patna,10.15457773
Vijayawada,Pondicherry,4.642050043
Vijayawada,Agra,10.98086695
Vijayawada,Jaipur,11.46014214
Vijayawada,Lucknow,10.33417663
Vijayawada,Gwalior,10.0024804
Vijayawada,Madras,3.442731176
Vijayawada,Coimbatore,6.60986934
Vijayawada,Ahmedabad,10.34600277
Vijayawada,Jabalpur,6.685664956
Vijayawada,Jamshedpur,8.413375934
Vijayawada,Kolhapur,6.380929595
Vijayawada,Allahabad,9.011692831
Vijayawada,Delhi,12.60905054
Vijayawada,Asansol,9.587994337
Vijayawada,Cochin,7.8863742
Vijayawada,Bombay,8.155769503
Vijayawada,Calcutta,9.836758914
Vijayawada,Kanpur,9.956578155
Vijayawada,Ranchi,8.320380494
Vijayawada,Surat,82.77175967
Vijayawada,Bhopal,7.476952892
Vijayawada,Vijayawada,0
